date,VOO,XES
2019-01-02,205.3255615234375,83.80860900878906
2019-01-03,200.42430114746094,84.44422149658203
2019-01-04,207.03965759277344,89.34741973876953
2019-01-07,208.59303283691406,93.43344116210938
2019-01-08,210.61961364746094,93.61503601074219
2019-01-09,211.59275817871094,96.88383483886719
2019-01-10,212.47657775878906,97.24703979492188
2019-01-11,212.37838745117188,96.42984008789062
2019-01-14,211.2088165283203,96.066650390625
2019-01-15,213.68177795410156,97.15624237060547
2019-01-16,214.1549530029297,96.97464752197266
2019-01-17,215.75294494628906,98.15504455566406
2019-01-18,218.65444946289062,101.24226379394531
2019-01-22,215.7440643310547,97.24703979492188
2019-01-23,216.0654754638672,94.7954330444336
2019-01-24,216.27969360351562,97.5194320678711
2019-01-25,218.11880493164062,101.0606460571289
2019-01-28,216.43145751953125,98.3366470336914
2019-01-29,216.1636505126953,98.3366470336914
2019-01-30,219.58294677734375,100.24344635009766
2019-01-31,221.4130859375,99.51703643798828
2019-02-01,221.60060119628906,102.33186340332031
2019-02-04,223.18072509765625,104.96507263183594
2019-02-05,224.17169189453125,104.69266510009766
2019-02-06,223.8949432373047,104.60187530517578
2019-02-07,221.69876098632812,100.425048828125
2019-02-08,221.98446655273438,99.33545684814453
2019-02-11,222.10052490234375,101.15145874023438
2019-02-12,224.97515869140625,102.42266082763672
2019-02-13,225.6536865234375,102.42266082763672
2019-02-14,225.1536865234375,103.42146301269531
2019-02-15,227.6356201171875,106.23627471923828
2019-02-19,228.02841186523438,107.05348205566406
2019-02-20,228.55514526367188,109.05106353759766
2019-02-21,227.72494506835938,105.60067749023438
2019-02-22,229.09080505371094,105.05584716796875
2019-02-25,229.4300537109375,105.5098648071289
2019-02-26,229.2603759765625,103.78466796875
2019-02-27,229.1444091796875,104.69266510009766
2019-02-28,228.60870361328125,103.05826568603516
2019-03-01,230.17996215820312,105.4190673828125
2019-03-04,229.2961883544922,106.41787719726562
2019-03-05,229.0283203125,104.69266510009766
2019-03-06,227.56414794921875,100.78825378417969
2019-03-07,225.7340087890625,98.7906494140625
2019-03-08,225.27871704101562,96.61144256591797
2019-03-11,228.56402587890625,99.60786437988281
2019-03-12,229.37648010253906,102.05946350097656
2019-03-13,230.93881225585938,103.96626281738281
2019-03-14,230.85845947265625,104.42027282714844
2019-03-15,231.9833221435547,103.69384765625
2019-03-18,232.81356811523438,107.95948791503906
2019-03-19,232.88504028320312,106.7771224975586
2019-03-20,232.05479431152344,108.23235321044922
2019-03-21,234.70765686035156,108.50520324707031
2019-03-22,230.24571228027344,102.68431091308594
2019-03-25,230.0392608642578,102.59334564208984
2019-03-26,231.7001495361328,104.23046112060547
2019-03-27,230.62278747558594,103.41189575195312
2019-03-28,231.52059936523438,105.32188415527344
2019-03-29,233.0109405517578,105.04902648925781
2019-04-01,235.6952667236328,108.68708801269531
2019-04-02,235.776123046875,107.5047378540039
2019-04-03,236.21595764160156,105.86760711669922
2019-04-04,236.78152465820312,107.04998016357422
2019-04-05,237.92178344726562,110.23326873779297
2019-04-08,238.1282196044922,110.77898406982422
2019-04-09,236.86241149902344,108.95997619628906
2019-04-10,237.67933654785156,109.96043395996094
2019-04-11,237.63446044921875,109.41471862792969
2019-04-12,239.24154663085938,109.14185333251953
2019-04-15,239.07994079589844,108.50520324707031
2019-04-16,239.25047302246094,111.23371887207031
2019-04-17,238.66690063476562,110.86993408203125
2019-04-18,239.11585998535156,109.50566101074219
2019-04-22,239.34922790527344,113.41658020019531
2019-04-23,241.41416931152344,114.14419555664062
2019-04-24,240.93829345703125,108.77806091308594
2019-04-25,240.84860229492188,106.4133071899414
2019-04-26,241.95285034179688,105.77664184570312
2019-04-29,242.2581024169922,105.23091888427734
2019-04-30,242.41073608398438,101.41096496582031
2019-05-01,240.64208984375,98.22767639160156
2019-05-02,240.16629028320312,97.31815338134766
2019-05-03,242.44656372070312,99.77384185791016
2019-05-06,241.4859619140625,100.41049194335938
2019-05-07,237.57164001464844,97.77291870117188
2019-05-08,237.10475158691406,96.68150329589844
2019-05-09,236.3776092529297,96.40863800048828
2019-05-10,237.48182678222656,95.3172378540039
2019-05-13,231.65524291992188,90.04203796386719
2019-05-14,233.666259765625,93.13436889648438
2019-05-15,235.04884338378906,94.22579956054688
2019-05-16,237.2035369873047,95.13531494140625
2019-05-17,235.76710510253906,91.67916870117188
2019-05-20,234.1600799560547,90.6786880493164
2019-05-21,236.14414978027344,91.86107635498047
2019-05-22,235.4977264404297,88.1320571899414
2019-05-23,232.74156188964844,82.76590728759766
2019-05-24,233.14552307128906,81.76544952392578
2019-05-28,231.05369567871094,81.49258422851562
2019-05-29,229.4646453857422,81.58355712890625
2019-05-30,230.1020965576172,80.31022644042969
2019-05-31,227.02267456054688,78.49119567871094
2019-06-03,226.34934997558594,80.21924591064453
2019-06-04,231.33209228515625,81.3106918334961
2019-06-05,233.2891845703125,79.6735610961914
2019-06-06,234.80645751953125,79.7645034790039
2019-06-07,237.1497039794922,80.76495361328125
2019-06-10,238.26295471191406,81.03783416748047
2019-06-11,238.21807861328125,81.49258422851562
2019-06-12,237.76913452148438,77.21786499023438
2019-06-13,238.82852172851562,80.03736877441406
2019-06-14,238.46939086914062,76.94502258300781
2019-06-17,238.68490600585938,79.30976104736328
2019-06-18,241.06399536132812,81.03783416748047
2019-06-19,241.70140075683594,82.12923431396484
2019-06-20,243.9549102783203,85.40351104736328
2019-06-21,243.6676025390625,85.31256103515625
2019-06-24,243.3533935546875,83.4520034790039
2019-06-25,240.94728088378906,83.36080169677734
2019-06-26,240.71388244628906,85.73208618164062
2019-06-27,241.55860900878906,85.54969787597656
2019-06-28,242.89418029785156,87.64739227294922
2019-07-01,244.96083068847656,88.4682388305664
2019-07-02,245.6737823486328,85.09366607666016
2019-07-03,247.5598907470703,84.72885131835938
2019-07-05,247.2440185546875,85.73208618164062
2019-07-08,246.00770568847656,85.73208618164062
2019-07-09,246.3144989013672,84.82005310058594
2019-07-10,247.46060180664062,87.92097473144531
2019-07-11,247.9569549560547,87.28255462646484
2019-07-12,249.17520141601562,87.28255462646484
2019-07-15,249.2383575439453,84.82005310058594
2019-07-16,248.4261474609375,83.26956176757812
2019-07-17,246.7476806640625,80.71582794189453
2019-07-18,247.65011596679688,79.80379486083984
2019-07-19,246.32350158691406,80.98944854736328
2019-07-22,246.9191131591797,82.72237396240234
2019-07-23,248.61569213867188,84.181640625
2019-07-24,249.7618408203125,84.09040832519531
2019-07-25,248.54347229003906,80.53343200683594
2019-07-26,250.32138061523438,80.44224548339844
2019-07-29,249.87008666992188,77.70611572265625
2019-07-30,249.2655029296875,83.0871810913086
2019-07-31,246.44082641601562,84.181640625
2019-08-01,244.37420654296875,78.25332641601562
2019-08-02,242.58738708496094,75.33480072021484
2019-08-05,235.43096923828125,72.59867095947266
2019-08-06,238.463134765625,71.50422668457031
2019-08-07,238.6256561279297,70.59220123291016
2019-08-08,243.2823486328125,71.32181549072266
2019-08-09,241.58567810058594,68.5856704711914
2019-08-12,238.7519073486328,67.85602569580078
2019-08-13,242.45201110839844,67.85602569580078
2019-08-14,235.15122985839844,63.75186538696289
2019-08-15,235.89125061035156,62.74861145019531
2019-08-16,239.3475799560547,65.39350128173828
2019-08-19,242.28955078125,67.76483154296875
2019-08-20,240.4124298095703,66.94400024414062
2019-08-21,242.36172485351562,67.03520965576172
2019-08-22,242.27149963378906,66.12315368652344
2019-08-23,236.05357360839844,62.566184997558594
2019-08-26,238.67071533203125,63.113399505615234
2019-08-27,237.73216247558594,62.4749870300293
2019-08-28,239.38363647460938,64.20787048339844
2019-08-29,242.49713134765625,66.30555725097656
2019-08-30,242.39794921875,65.48472595214844
2019-09-03,241.05323791503906,64.48146057128906
2019-09-04,243.6342315673828,66.12315368652344
2019-09-05,246.85598754882812,69.22412109375
2019-09-06,247.03636169433594,69.22412109375
2019-09-09,247.09957885742188,73.60192108154297
2019-09-10,247.1537322998047,74.78755950927734
2019-09-11,248.9315948486328,75.51721954345703
2019-09-12,249.66259765625,74.14913940429688
2019-09-13,249.59942626953125,74.60517120361328
2019-09-16,248.7781982421875,81.62791442871094
2019-09-17,249.45504760742188,77.06768035888672
2019-09-18,249.60841369628906,74.33153533935547
2019-09-19,249.55429077148438,73.14588165283203
2019-09-20,248.2186737060547,73.14588165283203
2019-09-23,248.39010620117188,73.81360626220703
2019-09-24,246.3324737548828,69.88053131103516
2019-09-25,247.839599609375,69.5146713256836
2019-09-26,247.35084533691406,67.86827850341797
2019-09-27,245.9635009765625,66.67919921875
2019-09-30,247.17864990234375,66.22187042236328
2019-10-01,244.2045135498047,63.477874755859375
2019-10-02,239.89743041992188,62.10586929321289
2019-10-03,241.80165100097656,63.02053451538086
2019-10-04,245.15650939941406,62.10586929321289
2019-10-07,244.1046905517578,61.83146286010742
2019-10-08,240.3145751953125,60.733856201171875
2019-10-09,242.55422973632812,60.5509147644043
2019-10-10,244.2045135498047,61.64852523803711
2019-10-11,246.7523956298828,64.66690826416016
2019-10-14,246.5257568359375,64.02667236328125
2019-10-15,248.9104766845703,64.02667236328125
2019-10-16,248.52056884765625,63.66079330444336
2019-10-17,249.1916046142578,62.92906188964844
2019-10-18,248.16693115234375,61.739994049072266
2019-10-21,249.89881896972656,63.477874755859375
2019-10-22,249.01927185058594,64.84986877441406
2019-10-23,249.75375366210938,65.21572875976562
2019-10-24,250.16184997558594,63.75226593017578
2019-10-25,251.2045440673828,64.94132995605469
2019-10-28,252.66436767578125,64.4839859008789
2019-10-29,252.50119018554688,65.39864349365234
2019-10-30,253.38983154296875,62.471744537353516
2019-10-31,252.57369995117188,61.282657623291016
2019-11-01,254.9766845703125,64.30107116699219
2019-11-04,255.99212646484375,67.50240325927734
2019-11-05,255.66571044921875,66.7706527709961
2019-11-06,255.8017120361328,64.84986877441406
2019-11-07,256.7084045410156,65.39864349365234
2019-11-08,257.3341369628906,65.4901123046875
2019-11-11,256.83538818359375,64.94132995605469
2019-11-12,257.34326171875,63.75226593017578
2019-11-13,257.4519958496094,62.19731521606445
2019-11-14,257.7966613769531,61.282657623291016
2019-11-15,259.7188415527344,62.92906188964844
2019-11-18,259.8821105957031,61.099727630615234
2019-11-19,259.75518798828125,60.09359359741211
2019-11-20,258.8393249511719,60.185081481933594
2019-11-21,258.4403381347656,61.64852523803711
2019-11-22,259.0115966796875,62.01441955566406
2019-11-25,260.979248046875,64.2095947265625
2019-11-26,261.505126953125,62.3802490234375
2019-11-27,262.7383728027344,63.75226593017578
2019-11-29,261.7318115234375,62.6546745300293
2019-12-02,259.60101318359375,62.83759689331055
2019-12-03,257.7784423828125,61.19118881225586
2019-12-04,259.4288024902344,63.75226593017578
2019-12-05,259.90936279296875,63.477874755859375
2019-12-06,262.2214660644531,66.49626159667969
2019-12-09,261.4234924316406,66.86212921142578
2019-12-10,261.1787414550781,66.86212921142578
2019-12-11,261.8587951660156,67.5938720703125
2019-12-12,264.1619567871094,69.88053131103516
2019-12-13,264.2616271972656,69.33173370361328
2019-12-16,266.1295471191406,70.24640655517578
2019-12-17,266.1839904785156,70.52079010009766
2019-12-18,266.2021484375,71.61837768554688
2019-12-19,267.3083801269531,73.08185577392578
2019-12-20,268.66851806640625,72.16719818115234
2019-12-23,268.9317626953125,75.00162506103516
2019-12-24,268.9317626953125,75.09363555908203
2019-12-26,270.3075866699219,75.09363555908203
2019-12-27,270.3075866699219,73.80526733398438
2019-12-30,268.8224792480469,75.00162506103516
2019-12-31,269.514892578125,74.44945526123047
2020-01-02,271.902099609375,74.63351440429688
2020-01-03,269.9158630371094,76.1059341430664
2020-01-06,270.9272155761719,77.6703872680664
2020-01-07,270.17999267578125,75.55377197265625
2020-01-08,271.573974609375,73.06904602050781
2020-01-09,273.45098876953125,73.4371566772461
2020-01-10,272.66748046875,72.51690673828125
2020-01-13,274.4714660644531,71.96472930908203
2020-01-14,274.1070251464844,72.05677032470703
2020-01-15,274.717529296875,70.7684326171875
2020-01-16,277.0135803222656,71.50463104248047
2020-01-17,277.95208740234375,70.7684326171875
2020-01-21,277.37799072265625,68.37572479248047
2020-01-22,277.450927734375,67.17935180664062
2020-01-23,277.7242126464844,65.89098358154297
2020-01-24,275.1912536621094,63.5903205871582
2020-01-27,270.8179016113281,61.013587951660156
2020-01-28,273.7517395019531,61.749794006347656
2020-01-29,273.4783935546875,61.013587951660156
2020-01-30,274.3348693847656,61.9338493347168
2020-01-31,269.4146423339844,60.001277923583984
2020-02-03,271.3736267089844,59.725215911865234
2020-02-04,275.55572509765625,60.82952880859375
2020-02-05,278.67181396484375,63.95844268798828
2020-02-06,279.619384765625,61.749794006347656
2020-02-07,278.19805908203125,61.28966522216797
2020-02-10,280.1935119628906,59.81724548339844
2020-02-11,280.7037048339844,60.82952880859375
2020-02-12,282.50775146484375,61.9338493347168
2020-02-13,282.23443603515625,61.38167953491211
2020-02-14,282.7081298828125,61.47372055053711
2020-02-18,281.9337158203125,60.553466796875
2020-02-19,283.2913513183594,61.65777587890625
2020-02-20,282.1797180175781,61.841796875
2020-02-21,279.25494384765625,59.35710906982422
2020-02-24,269.9158630371094,54.663753509521484
2020-02-25,261.806640625,52.54713821411133
2020-02-26,260.6494445800781,51.07472229003906
2020-02-27,249.09628295898438,48.037841796875
2020-02-28,247.5928955078125,49.418243408203125
2020-03-02,258.64501953125,50.15446853637695
2020-03-03,251.5107879638672,48.037841796875
2020-03-04,261.9342346191406,47.76176834106445
2020-03-05,253.15997314453125,44.724891662597656
2020-03-06,248.9140167236328,39.29533004760742
2020-03-09,229.70721435546875,26.04350471496582
2020-03-10,241.4959716796875,26.411611557006836
2020-03-11,229.52230834960938,23.74283790588379
2020-03-12,207.32351684570312,20.890018463134766
2020-03-13,226.69369506835938,24.0189208984375
2020-03-16,200.08253479003906,20.982046127319336
2020-03-17,213.18214416503906,21.166099548339844
2020-03-18,201.52891540527344,18.405305862426758
2020-03-19,201.70285034179688,20.153806686401367
2020-03-20,192.91485595703125,20.245832443237305
2020-03-23,186.9921112060547,19.84520721435547
2020-03-24,204.82440185546875,22.826642990112305
2020-03-25,207.45162963867188,22.360790252685547
2020-03-26,219.91958618164062,22.919815063476562
2020-03-27,213.16378784179688,21.429094314575195
2020-03-30,220.05690002441406,20.590564727783203
2020-03-31,216.7888946533203,21.13094711303711
2020-04-01,207.02137756347656,19.556377410888672
2020-04-02,211.8639678955078,21.419776916503906
2020-04-03,208.73324584960938,20.77690315246582
2020-04-06,222.9313201904297,22.146495819091797
2020-04-07,223.0503692626953,22.584402084350586
2020-04-08,230.62081909179688,24.578231811523438
2020-04-09,234.0444793701172,25.230430603027344
2020-04-13,231.77426147460938,25.137258529663086
2020-04-14,238.8504180908203,24.857749938964844
2020-04-15,233.65086364746094,23.115467071533203
2020-04-16,234.83175659179688,21.233444213867188
2020-04-17,241.31285095214844,22.901182174682617
2020-04-20,236.96461486816406,22.304893493652344
2020-04-21,229.72373962402344,21.820404052734375
2020-04-22,234.77682495117188,22.32352638244629
2020-04-23,234.73106384277344,24.587556838989258
2020-04-24,238.13641357421875,24.196239471435547
2020-04-27,241.57835388183594,23.88878059387207
2020-04-28,240.46151733398438,24.867067337036133
2020-04-29,246.65899658203125,28.267770767211914
2020-04-30,244.50762939453125,27.224266052246094
2020-05-01,237.84347534179688,25.314281463623047
2020-05-04,238.5941162109375,25.78944969177246
2020-05-05,240.79112243652344,25.323598861694336
2020-05-06,239.17080688476562,24.121706008911133
2020-05-07,241.99945068359375,24.876384735107422
2020-05-08,246.04562377929688,27.14972686767578
2020-05-11,246.08216857910156,26.68387794494629
2020-05-12,241.12979125976562,26.870220184326172
2020-05-13,236.8547821044922,24.652774810791016
2020-05-14,239.71087646484375,24.92296600341797
2020-05-15,240.79112243652344,24.941604614257812
2020-05-18,248.15106201171875,28.202550888061523
2020-05-19,245.8075714111328,26.767730712890625
2020-05-20,249.817138671875,28.714982986450195
2020-05-21,248.02291870117188,28.696348190307617
2020-05-22,248.58132934570312,28.00689697265625
2020-05-26,251.77609252929688,29.91688346862793
2020-05-27,255.4469757080078,30.96038246154785
2020-05-28,254.94345092773438,31.1187686920166
2020-05-29,256.087646484375,30.2616024017334
2020-06-01,257.2045593261719,30.466581344604492
2020-06-02,259.319091796875,31.892080307006836
2020-06-03,262.74273681640625,32.56291198730469
2020-06-04,262.07452392578125,34.6499137878418
2020-06-05,268.7752990722656,39.32704544067383
2020-06-08,272.0342712402344,44.320960998535156
2020-06-09,270.1026916503906,40.901615142822266
2020-06-10,268.4183349609375,37.78974533081055
2020-06-11,252.9478302001953,32.22749328613281
2020-06-12,255.99620056152344,34.109519958496094
2020-06-15,258.3304748535156,34.34244918823242
2020-06-16,263.3835754394531,34.92009735107422
2020-06-17,262.1751403808594,33.177825927734375
2020-06-18,262.4132080078125,33.19646453857422
2020-06-19,260.8661804199219,32.62812423706055
2020-06-22,262.59625244140625,32.65528869628906
2020-06-23,263.7863464355469,32.8238525390625
2020-06-24,257.0397033691406,30.24850845336914
2020-06-25,259.7585144042969,31.316099166870117
2020-06-26,253.6710205078125,29.714710235595703
2020-06-29,257.37286376953125,30.435808181762695
2020-06-30,260.8051452636719,30.969602584838867
2020-07-01,262.5902404785156,30.26723861694336
2020-07-02,263.9153747558594,30.613740921020508
2020-07-06,268.01007080078125,31.465938568115234
2020-07-07,265.2311706542969,30.26723861694336
2020-07-08,267.20037841796875,30.52009391784668
2020-07-09,265.8384704589844,28.70330238342285
2020-07-10,268.50701904296875,29.489953994750977
2020-07-13,266.0777587890625,28.768863677978516
2020-07-14,269.63873291015625,30.295333862304688
2020-07-15,272.03125,32.00909423828125
2020-07-16,271.23992919921875,31.494037628173828
2020-07-17,271.9576110839844,30.978973388671875
2020-07-20,274.2212829589844,30.847862243652344
2020-07-21,274.7918701171875,33.263999938964844
2020-07-22,276.3560485839844,32.44924545288086
2020-07-23,273.0526428222656,33.76970672607422
2020-07-24,271.28594970703125,33.47002029418945
2020-07-27,273.2643127441406,33.74159622192383
2020-07-28,271.5711975097656,32.636539459228516
2020-07-29,274.856201171875,33.4512939453125
2020-07-30,273.8531188964844,32.617820739746094
2020-07-31,276.1444091796875,31.91546058654785
2020-08-03,277.8835754394531,32.76765823364258
2020-08-04,279.05224609375,33.79780197143555
2020-08-05,280.791259765625,35.30553436279297
2020-08-06,282.67767333984375,34.35032272338867
2020-08-07,282.8249206542969,34.64063262939453
2020-08-10,283.7266540527344,36.429325103759766
2020-08-11,281.43536376953125,36.75709915161133
2020-08-12,285.291015625,36.832008361816406
2020-08-13,284.8033142089844,36.08281326293945
2020-08-14,284.8033142089844,36.33567428588867
2020-08-17,285.7234802246094,35.79251480102539
2020-08-18,286.32159423828125,34.71555709838867
2020-08-19,285.10699462890625,34.668731689453125
2020-08-20,286.0086975097656,33.507484436035156
2020-08-21,287.0299987792969,31.999732971191406
2020-08-24,289.9471130371094,33.582401275634766
2020-08-25,290.95928955078125,33.34828186035156
2020-08-26,293.9314270019531,32.28069305419922
2020-08-27,294.52032470703125,32.47734069824219
2020-08-28,296.4343566894531,33.2827262878418
2020-08-31,295.3944396972656,32.336875915527344
2020-09-01,298.155029296875,32.94559097290039
2020-09-02,302.4982604980469,32.41179275512695
2020-09-03,292.026611328125,32.37432861328125
2020-09-04,289.6894226074219,32.55226135253906
2020-09-08,281.7298889160156,30.47327423095703
2020-09-09,287.2878112792969,30.426450729370117
2020-09-10,282.26361083984375,29.03107452392578
2020-09-11,282.47528076171875,28.796958923339844
2020-09-14,286.14666748046875,29.368221282958984
2020-09-15,287.6190185546875,29.72408103942871
2020-09-16,286.4595642089844,31.110082626342773
2020-09-17,283.95672607421875,30.810405731201172
2020-09-18,280.6532897949219,30.445173263549805
2020-09-21,277.6075439453125,28.220224380493164
2020-09-22,280.4140319824219,27.985532760620117
2020-09-23,273.9176025390625,26.15487289428711
2020-09-24,274.672119140625,25.96710968017578
2020-09-25,279.0706787109375,25.638534545898438
2020-09-28,283.74505615234375,26.840190887451172
2020-09-29,282.126953125,26.5303897857666
2020-09-30,284.29864501953125,26.248760223388672
2020-10-01,286.1005554199219,25.61037254333496
2020-10-02,283.4391784667969,26.28630256652832
2020-10-05,288.3924255371094,27.1312198638916
2020-10-06,284.36328125,26.77448081970215
2020-10-07,289.2424621582031,26.93407440185547
2020-10-08,291.80230712890625,28.361042022705078
2020-10-09,294.39898681640625,27.891643524169922
2020-10-12,299.1488952636719,27.797771453857422
2020-10-13,297.2360534667969,26.971622467041016
2020-10-14,295.37847900390625,27.337757110595703
2020-10-15,295.02740478515625,27.506744384765625
2020-10-16,294.77789306640625,26.342634201049805
2020-10-19,290.3236999511719,26.211198806762695
2020-10-20,291.4696350097656,26.924686431884766
2020-10-21,290.94293212890625,26.652433395385742
2020-10-22,292.5415954589844,27.35653305053711
2020-10-23,293.5395812988281,27.67572021484375
2020-10-26,288.133544921875,26.408349990844727
2020-10-27,287.1817626953125,26.014049530029297
2020-10-28,277.2939453125,24.408710479736328
2020-10-29,280.21417236328125,25.000150680541992
2020-10-30,277.06292724609375,25.685474395751953
2020-11-02,280.2880859375,27.074893951416016
2020-11-03,285.2319030761719,27.600618362426758
2020-11-04,291.6544494628906,27.1312198638916
2020-11-05,297.3653869628906,27.487966537475586
2020-11-06,297.328369140625,26.943462371826172
2020-11-09,301.03411865234375,31.88153648376465
2020-11-10,300.64593505859375,32.05989074707031
2020-11-11,302.7620544433594,31.590497970581055
2020-11-12,299.962158203125,30.642318725585938
2020-11-13,304.03741455078125,31.78765106201172
2020-11-16,307.7244567871094,34.83873748779297
2020-11-17,306.1904602050781,35.392635345458984
2020-11-18,302.4756164550781,35.204872131347656
2020-11-19,303.7417297363281,35.937137603759766
2020-11-20,301.7086181640625,35.28936767578125
2020-11-23,303.4921569824219,38.781681060791016
2020-11-24,308.4082946777344,41.2413330078125
2020-11-25,307.9000244140625,40.52784729003906
2020-11-27,308.7779235839844,39.62660217285156
2020-11-30,307.3917541503906,36.66939163208008
2020-12-01,310.7740478515625,38.415557861328125
2020-12-02,311.4301452636719,39.55149459838867
2020-12-03,311.3377380371094,39.889469146728516
2020-12-04,314.0176086425781,42.88422775268555
2020-12-07,313.43536376953125,42.28339767456055
2020-12-08,314.34100341796875,43.44750213623047
2020-12-09,311.5502624511719,43.015663146972656
2020-12-10,311.40240478515625,45.01529312133789
2020-12-11,311.0050354003906,44.35813522338867
2020-12-14,309.5819396972656,43.38179016113281
2020-12-15,313.8604736328125,44.789981842041016
2020-12-16,314.34100341796875,44.11404800415039
2020-12-17,316.0506591796875,43.992008209228516
2020-12-18,314.78466796875,42.846675872802734
2020-12-21,313.81427001953125,41.933719635009766
2020-12-22,313.1954345703125,41.745670318603516
2020-12-23,313.4459228515625,42.99616622924805
2020-12-24,314.6985778808594,42.45083999633789
2020-12-28,317.4357604980469,42.01833724975586
2020-12-29,316.7677001953125,41.698665618896484
2020-12-30,317.1944885253906,42.243995666503906
2020-12-31,318.9018249511719,42.15937042236328
2021-01-04,314.57794189453125,42.817527770996094
2021-01-05,316.6471252441406,46.051876068115234
2021-01-06,318.5677490234375,48.063941955566406
2021-01-07,323.3277893066406,48.5810661315918
2021-01-08,325.1464538574219,48.25198745727539
2021-01-11,323.0216064453125,48.129764556884766
2021-01-12,323.0494384765625,51.19486999511719
2021-01-13,323.856689453125,49.59650421142578
2021-01-14,322.7618103027344,51.98467254638672
2021-01-15,320.4606628417969,49.709327697753906
2021-01-19,322.9938049316406,49.709327697753906
2021-01-20,327.38262939453125,49.088783264160156
2021-01-21,327.68878173828125,46.90747833251953
2021-01-22,326.5196838378906,47.97931671142578
2021-01-25,327.8465881347656,46.409156799316406
2021-01-26,327.3548583984375,45.99546813964844
2021-01-27,319.4121398925781,45.60057067871094
2021-01-28,322.09375,46.31513977050781
2021-01-29,315.64495849609375,45.42194366455078
2021-02-01,320.8317565917969,46.17409896850586
2021-02-02,325.443359375,46.75703811645508
2021-02-03,325.76812744140625,48.34600830078125
2021-02-04,329.4147033691406,49.615299224853516
2021-02-05,330.73223876953125,49.699928283691406
2021-02-08,333.172607421875,51.260677337646484
2021-02-09,332.9035339355469,50.188838958740234
2021-02-10,332.77362060546875,51.19486999511719
2021-02-11,333.311767578125,49.681114196777344
2021-02-12,335.00970458984375,50.17943572998047
2021-02-16,334.6943664550781,51.95645523071289
2021-02-17,334.7685241699219,52.06927490234375
2021-02-18,333.3395690917969,50.2264404296875
2021-02-19,332.72711181640625,51.14785385131836
2021-02-22,330.1105651855469,52.89666748046875
2021-02-23,330.5281677246094,52.191505432128906
2021-02-24,334.1839904785156,55.28481674194336
2021-02-25,326.1671142578125,54.83351135253906
2021-02-26,324.3762512207031,54.259979248046875
2021-03-01,332.2910461425781,57.13705062866211
2021-03-02,329.7208557128906,55.369441986083984
2021-03-03,325.3691711425781,55.961769104003906
2021-03-04,321.36065673828125,56.77037048339844
2021-03-05,327.2527770996094,60.70046615600586
2021-03-08,325.6474609375,62.007362365722656
2021-03-09,330.203369140625,59.04568862915039
2021-03-10,332.24468994140625,61.80052947998047
2021-03-11,335.7521667480469,60.92613983154297
2021-03-12,336.22528076171875,60.31498336791992
2021-03-15,338.1737976074219,59.32774353027344
2021-03-16,337.7934265136719,56.53531265258789
2021-03-17,338.8976135253906,57.03361892700195
2021-03-18,333.91485595703125,53.620628356933594
2021-03-19,333.321044921875,53.73345947265625
2021-03-22,335.95623779296875,52.5519905090332
2021-03-23,333.488037109375,49.31509017944336
2021-03-24,331.6415710449219,49.743499755859375
2021-03-25,333.5066223144531,50.65745162963867
2021-03-26,338.94732666015625,52.095008850097656
2021-03-29,338.742431640625,50.105281829833984
2021-03-30,337.87646484375,50.11479568481445
2021-03-31,339.21728515625,50.68601608276367
2021-04-01,342.8114929199219,52.437747955322266
2021-04-05,347.7559814453125,50.77170181274414
2021-04-06,347.5604248046875,50.33375930786133
2021-04-07,347.998046875,50.41944885253906
2021-04-08,349.69268798828125,49.81013870239258
2021-04-09,352.206787109375,48.62010955810547
2021-04-12,352.3651428222656,48.267860412597656
2021-04-13,353.3242492675781,47.72520065307617
2021-04-14,352.1882019042969,50.4575309753418
2021-04-15,355.9686584472656,49.29605484008789
2021-04-16,357.2164306640625,48.534427642822266
2021-04-19,355.45654296875,48.267860412597656
2021-04-20,352.8493347167969,45.621219635009766
2021-04-21,356.164306640625,46.459007263183594
2021-04-22,352.89581298828125,45.954429626464844
2021-04-23,356.65771484375,46.573246002197266
2021-04-26,357.43060302734375,47.582401275634766
2021-04-27,357.3188781738281,47.16350555419922
2021-04-28,357.15130615234375,50.35280227661133
2021-04-29,359.5350036621094,50.5622444152832
2021-04-30,357.16058349609375,48.086978912353516
2021-05-03,357.97064208984375,50.06718826293945
2021-05-04,355.791748046875,50.39088821411133
2021-05-05,355.85693359375,53.389774322509766
2021-05-06,358.75286865234375,53.94195556640625
2021-05-07,361.3134460449219,56.86468505859375
2021-05-10,357.7751770019531,55.103424072265625
2021-05-11,354.63720703125,55.074867248535156
2021-05-12,347.0669860839844,54.96062469482422
2021-05-13,351.1918640136719,54.4655647277832
2021-05-14,356.5832824707031,56.626670837402344
2021-05-17,355.7266540527344,58.273677825927734
2021-05-18,352.6538391113281,56.778995513916016
2021-05-19,351.7226257324219,55.06534957885742
2021-05-20,355.4751892089844,54.78926086425781
2021-05-21,355.2052001953125,55.579444885253906
2021-05-24,358.7900695800781,55.68416213989258
2021-05-25,358.0357971191406,54.12283706665039
2021-05-26,358.6876220703125,55.28432083129883
2021-05-27,358.8459777832031,56.48386764526367
2021-05-28,359.5442810058594,55.846012115478516
2021-06-01,359.2649230957031,58.48313903808594
2021-06-02,359.87030029296875,63.47174835205078
2021-06-03,358.5013732910156,64.00489807128906
2021-06-04,361.7511901855469,64.67131805419922
2021-06-07,361.4439697265625,63.04335021972656
2021-06-08,361.4997253417969,63.04335021972656
2021-06-09,360.9317321777344,62.1770133972168
2021-06-10,362.5985107421875,61.66290283203125
2021-06-11,363.2316589355469,62.357887268066406
2021-06-14,364.1441650390625,61.40586853027344
2021-06-15,363.380615234375,63.60503387451172
2021-06-16,361.38800048828125,63.776390075683594
2021-06-17,361.2575988769531,60.168216705322266
2021-06-18,356.46221923828125,58.79730224609375
2021-06-21,361.4532470703125,62.070953369140625
2021-06-22,363.3713073730469,61.87081527709961
2021-06-23,362.980224609375,61.79457473754883
2021-06-24,365.05670166015625,62.90962219238281
2021-06-25,366.4068298339844,61.62303924560547
2021-06-28,367.17047119140625,58.287418365478516
2021-06-29,367.33203125,58.48755645751953
2021-06-30,367.6683349609375,59.049842834472656
2021-07-01,369.74249267578125,61.95659255981445
2021-07-02,372.55474853515625,61.26087951660156
2021-07-06,371.85406494140625,57.544063568115234
2021-07-07,373.1340637207031,56.238407135009766
2021-07-08,370.16302490234375,56.08592987060547
2021-07-09,374.0683898925781,57.85856246948242
2021-07-12,375.4231262207031,58.04916763305664
2021-07-13,374.1524353027344,56.78163528442383
2021-07-14,374.6662902832031,54.35140609741211
2021-07-15,373.4610595703125,52.23567581176758
2021-07-16,370.55535888671875,50.62504577636719
2021-07-19,365.014892578125,48.47119903564453
2021-07-20,370.1723327636719,49.7673225402832
2021-07-21,373.2835693359375,52.35003662109375
2021-07-22,374.0777282714844,51.206398010253906
2021-07-23,377.81488037109375,50.02463912963867
2021-07-26,378.7772521972656,52.13084411621094
2021-07-27,377.0955810546875,50.83472442626953
2021-07-28,376.8900451660156,51.387474060058594
2021-07-29,378.515625,51.99742126464844
2021-07-30,376.6657409667969,50.48209762573242
2021-08-02,375.8995666503906,49.87215805053711
2021-08-03,378.9361267089844,50.672698974609375
2021-08-04,377.12359619140625,47.146488189697266
2021-08-05,379.4780578613281,48.00420379638672
2021-08-06,380.1320495605469,49.10972595214844
2021-08-09,379.7676086425781,48.11858367919922
2021-08-10,380.244140625,49.719669342041016
2021-08-11,381.15972900390625,50.281959533691406
2021-08-12,382.2716064453125,49.3765754699707
2021-08-13,383.02838134765625,48.0709228515625
2021-08-16,383.9440002441406,46.584197998046875
2021-08-17,381.4120178222656,45.72646713256836
2021-08-18,377.3104553222656,45.164180755615234
2021-08-19,377.84295654296875,43.553550720214844
2021-08-20,380.8327331542969,43.810874938964844
2021-08-23,384.2056884765625,46.35546875
2021-08-24,384.8128967285156,47.8040771484375
2021-08-25,385.52301025390625,48.12810516357422
2021-08-26,383.2713623046875,47.508628845214844
2021-08-27,386.67218017578125,50.472557067871094
2021-08-30,388.4473876953125,49.14785385131836
2021-08-31,387.783935546875,49.10020446777344
2021-09-01,388.195068359375,48.91912078857422
2021-09-02,389.3536376953125,50.320091247558594
2021-09-03,389.2041320800781,49.490943908691406
2021-09-07,387.7652893066406,49.53859329223633
2021-09-08,387.3916320800781,47.72783660888672
2021-09-09,385.6537170410156,48.06139373779297
2021-09-10,382.67333984375,48.23293685913086
2021-09-13,383.5703125,50.720359802246094
2021-09-14,381.58013916015625,49.46235275268555
2021-09-15,384.7662048339844,51.330291748046875
2021-09-16,384.10284423828125,50.03417205810547
2021-09-17,380.3375244140625,49.04301834106445
2021-09-20,374.12445068359375,47.17840576171875
2021-09-21,373.7601013183594,46.901668548583984
2021-09-22,377.3664245605469,47.5314826965332
2021-09-23,381.9258728027344,50.02207565307617
2021-09-24,382.5612487792969,50.19384765625
2021-09-27,381.4774475097656,53.161582946777344
2021-09-28,373.853515625,52.84668731689453
2021-09-29,374.4421691894531,52.24550247192383
2021-09-30,369.6990051269531,51.93058776855469
2021-10-01,374.1234436035156,54.26852035522461
2021-10-04,369.52093505859375,55.90029525756836
2021-10-05,373.111083984375,56.119773864746094
2021-10-06,374.770263671875,53.36198043823242
2021-10-07,377.9947814941406,55.098731994628906
2021-10-08,377.28240966796875,56.70187759399414
2021-10-11,374.5359191894531,56.7591438293457
2021-10-12,373.7859802246094,56.78775405883789
2021-10-13,374.9858703613281,57.33168029785156
2021-10-14,381.2849426269531,57.846981048583984
2021-10-15,384.2563781738281,58.495880126953125
2021-10-18,385.4281921386719,58.7630615234375
2021-10-19,388.427734375,58.83940887451172
2021-10-20,389.9368591308594,59.18293380737305
2021-10-21,390.8929748535156,57.598873138427734
2021-10-22,390.4992370605469,57.76109313964844
2021-10-25,392.5240173339844,58.639015197753906
2021-10-26,392.8989562988281,58.705810546875
2021-10-27,391.1929016113281,55.60447692871094
2021-10-28,395.01739501953125,56.186580657958984
2021-10-29,395.72052001953125,54.57388687133789
2021-11-01,396.5546875,56.19612121582031
2021-11-02,398.09197998046875,55.852577209472656
2021-11-03,400.49163818359375,55.93846130371094
2021-11-04,402.3664855957031,55.46134567260742
2021-11-05,403.7349853515625,56.41559982299805
2021-11-08,404.2224426269531,57.42710494995117
2021-11-09,402.80694580078125,57.74201583862305
2021-11-10,399.5636901855469,54.59296798706055
2021-11-11,399.6948547363281,54.48800277709961
2021-11-12,402.66632080078125,53.61008834838867
2021-11-15,402.85382080078125,53.018455505371094
2021-11-16,404.3911437988281,53.524200439453125
2021-11-17,403.4163513183594,51.61568832397461
2021-11-18,404.81304931640625,50.22248458862305
2021-11-19,404.05364990234375,47.5314826965332
2021-11-22,402.9850769042969,48.123111724853516
2021-11-23,403.5100402832031,49.84077453613281
2021-11-24,404.503662109375,49.59267807006836
2021-11-26,395.70172119140625,47.01618194580078
2021-11-29,400.4823303222656,47.5314826965332
2021-11-30,392.8145751953125,45.98558044433594
2021-12-01,388.29656982421875,44.61145782470703
2021-12-02,394.2206726074219,46.090545654296875
2021-12-03,390.7336120605469,45.70884704589844
2021-12-06,395.4017639160156,47.35970687866211
2021-12-07,403.52880859375,49.048744201660156
2021-12-08,404.66302490234375,49.85986328125
2021-12-09,401.9071350097656,49.50678253173828
2021-12-10,405.74102783203125,50.4705810546875
2021-12-13,402.1414794921875,48.04677963256836
2021-12-14,399.40435791015625,46.901668548583984
2021-12-15,405.647216796875,47.321537017822266
2021-12-16,401.9820861816406,46.91121292114258
2021-12-17,397.81085205078125,46.319576263427734
2021-12-20,393.50830078125,45.281166076660156
2021-12-21,400.4918518066406,47.90824508666992
2021-12-22,404.537353515625,48.38589096069336
2021-12-23,407.0304870605469,48.28080368041992
2021-12-27,412.8352966308594,49.006832122802734
2021-12-28,412.5247802734375,48.42409133911133
2021-12-29,413.0234069824219,47.60253143310547
2021-12-30,411.8568115234375,47.191768646240234
2021-12-31,410.7278137207031,47.22041320800781
2022-01-03,413.24920654296875,50.62128448486328
2022-01-04,413.079833984375,52.847129821777344
2022-01-05,405.1676940917969,51.80585861206055
2022-01-06,404.62200927734375,53.49673080444336
2022-01-07,403.22015380859375,54.02214813232422
2022-01-10,402.693359375,54.06036376953125
2022-01-11,406.2213439941406,56.219337463378906
2022-01-12,407.43511962890625,55.904083251953125
2022-01-13,401.8184509277344,55.665260314941406
2022-01-14,401.9407043457031,57.852901458740234
2022-01-18,394.89410400390625,56.77341079711914
2022-01-19,390.74517822265625,55.77035140991211
2022-01-20,386.4456787109375,54.538002014160156
2022-01-21,378.85333251953125,52.904449462890625
2022-01-24,380.433837890625,54.222755432128906
2022-01-25,375.8145751953125,57.069549560546875
2022-01-26,374.9677734375,56.90714645385742
2022-01-27,373.0673522949219,55.569725036621094
2022-01-28,382.2120056152344,55.71302032470703
2022-01-31,389.2021484375,55.579280853271484
2022-02-01,391.7424011230469,58.416526794433594
2022-02-02,395.4773864746094,57.53764724731445
2022-02-03,386.28570556640625,56.496368408203125
2022-02-04,388.1014709472656,57.919769287109375
2022-02-07,386.8219909667969,57.49943542480469
2022-02-08,389.9548645019531,56.24799728393555
2022-02-09,395.67498779296875,57.327476501464844
2022-02-10,388.7223815917969,57.327476501464844
2022-02-11,380.9701843261719,60.222042083740234
2022-02-14,379.7283020019531,58.855960845947266
2022-02-15,385.82470703125,59.55332946777344
2022-02-16,386.28570556640625,60.56594467163086
2022-02-17,378.072509765625,60.17427062988281
2022-02-18,375.6546325683594,58.76042175292969
2022-02-22,371.5433044433594,57.89110565185547
2022-02-23,364.8540954589844,57.82423782348633
2022-02-24,370.4613342285156,58.492958068847656
2022-02-25,378.5523376464844,59.45780563354492
2022-02-28,377.6020202636719,61.32063293457031
2022-03-01,371.9383850097656,60.317569732666016
2022-03-02,378.7686462402344,63.08794021606445
2022-03-03,376.86822509765625,63.508270263671875
2022-03-04,373.8199768066406,65.9156265258789
2022-03-07,362.7843322753906,71.0360336303711
2022-03-08,360.046630859375,73.15679168701172
2022-03-09,369.642822265625,70.29088592529297
2022-03-10,367.99639892578125,73.3287353515625
2022-03-11,363.30181884765625,72.24925231933594
2022-03-14,360.64874267578125,68.34208679199219
2022-03-15,368.5608825683594,65.83918762207031
2022-03-16,376.80242919921875,65.10359954833984
2022-03-17,381.41229248046875,68.33251953125
2022-03-18,385.627197265625,67.78800201416016
2022-03-21,385.64599609375,70.06946563720703
2022-03-22,390.124267578125,69.63917541503906
2022-03-23,385.1003112792969,70.66230773925781
2022-03-24,390.82452392578125,71.140380859375
2022-03-25,392.8068542480469,74.13325500488281
2022-03-28,395.51605224609375,70.88221740722656
2022-03-29,400.5191650390625,71.90535736083984
2022-03-30,398.0270690917969,72.11570739746094
2022-03-31,391.9101257324219,71.75236511230469
2022-04-01,392.9956970214844,73.80815887451172
2022-04-04,396.3279724121094,73.98027801513672
2022-04-05,391.4287109375,71.33163452148438
2022-04-06,387.4640197753906,71.0256576538086
2022-04-07,389.41802978515625,71.2168960571289
2022-04-08,388.4739990234375,73.9420394897461
2022-04-11,381.7435607910156,71.6280517578125
2022-04-12,380.3464660644531,73.8750991821289
2022-04-13,384.64154052734375,75.65361022949219
2022-04-14,379.96881103515625,76.96359252929688
2022-04-18,380.0348815917969,78.81858825683594
2022-04-19,386.1046142578125,77.59466552734375
2022-04-20,385.81201171875,77.08789825439453
2022-04-21,380.091552734375,73.11972045898438
2022-04-22,369.7172546386719,70.88221740722656
2022-04-25,371.73736572265625,67.50688934326172
2022-04-26,361.1082458496094,67.01924133300781
2022-04-27,362.0426940917969,67.64073944091797
2022-04-28,371.1143493652344,69.50534057617188
2022-04-29,357.4833679199219,67.08617401123047
2022-05-02,359.7299499511719,66.9236068725586
2022-05-03,361.28759765625,69.25670623779297
2022-05-04,372.2470703125,72.22089385986328
2022-05-05,359.17303466796875,69.43840026855469
2022-05-06,356.9169921875,70.0312271118164
2022-05-09,345.40045166015625,62.496456146240234
2022-05-10,346.2877502441406,62.51558303833008
2022-05-11,340.7088928222656,63.156227111816406
2022-05-12,340.4446716308594,62.821563720703125
2022-05-13,348.47784423828125,65.77616882324219
2022-05-16,347.2317810058594,68.09014129638672
2022-05-17,354.17938232421875,69.25670623779297
2022-05-18,340.1520080566406,66.96185302734375
2022-05-19,337.87701416015625,66.8949203491211
2022-05-20,337.9619445800781,66.57938385009766
2022-05-23,344.37152099609375,69.98341369628906
2022-05-24,341.8887939453125,70.37545776367188
2022-05-25,344.7397155761719,72.0009765625
2022-05-26,351.59295654296875,73.72212219238281
2022-05-27,360.40966796875,74.70699310302734
2022-05-31,358.4084167480469,73.39700317382812
2022-06-01,355.40667724609375,75.2615737915039
2022-06-02,362.156005859375,74.49662017822266
2022-06-03,356.2939453125,75.87354278564453
2022-06-06,357.2662353515625,76.3324966430664
2022-06-07,360.7589111328125,78.50303649902344
2022-06-08,356.8131103515625,77.47036743164062
2022-06-09,348.4212341308594,74.4583740234375
2022-06-10,338.1978759765625,72.16352081298828
2022-06-13,325.16162109375,66.15865325927734
2022-06-14,324.3498229980469,65.38414764404297
2022-06-15,328.99420166015625,64.7435073852539
2022-06-16,318.1856994628906,61.65501403808594
2022-06-17,319.01641845703125,58.920318603515625
2022-06-21,326.83251953125,61.26924514770508
2022-06-22,326.14337158203125,57.450096130371094
2022-06-23,329.57000732421875,54.3583869934082
2022-06-24,339.8310546875,56.4259033203125
2022-06-27,338.5566101074219,59.019866943359375
2022-06-28,331.2408447265625,60.053627014160156
2022-06-29,331.4039001464844,59.00071334838867
2022-06-30,328.7878112792969,57.12464141845703
2022-07-01,332.16217041015625,56.98106002807617
2022-07-05,332.74981689453125,52.40573501586914
2022-07-06,333.9534912109375,51.22840118408203
2022-07-07,338.8538818359375,54.28180694580078
2022-07-08,338.6549072265625,54.56896209716797
2022-07-11,334.82562255859375,53.114051818847656
2022-07-12,331.735595703125,51.123111724853516
2022-07-13,330.190673828125,50.89338302612305
2022-07-14,329.3185729980469,49.21830749511719
2022-07-15,335.54595947265625,50.21378707885742
2022-07-18,332.7687683105469,52.39616012573242
2022-07-19,341.8017578125,54.48280715942383
2022-07-20,343.99127197265625,54.48280715942383
2022-07-21,347.46978759765625,51.99414825439453
2022-07-22,344.30401611328125,51.59213638305664
2022-07-25,344.64520263671875,54.779544830322266
2022-07-26,340.5126953125,54.588104248046875
2022-07-27,349.431884765625,58.0052490234375
2022-07-28,353.8488464355469,58.16796875
2022-07-29,359.0335388183594,61.230960845947266
2022-08-01,357.952880859375,59.565452575683594
2022-08-02,355.6402282714844,60.5609245300293
2022-08-03,361.194580078125,58.694419860839844
2022-08-04,360.9101867675781,55.39214324951172
2022-08-05,360.161376953125,56.98106002807617
2022-08-08,359.8392333984375,57.0289306640625
2022-08-09,358.4173889160156,57.77552795410156
2022-08-10,365.9242858886719,58.09138870239258
2022-08-11,365.9242858886719,60.350345611572266
2022-08-12,372.1896057128906,61.43196105957031
2022-08-15,373.78192138671875,58.87628936767578
2022-08-16,374.43603515625,57.94781494140625
2022-08-17,371.8768005371094,58.426414489746094
2022-08-18,373.0237121582031,61.32666778564453
2022-08-19,367.8768615722656,60.03447723388672
2022-08-22,360.1235656738281,59.575035095214844
2022-08-23,359.27044677734375,62.063697814941406
2022-08-24,360.36053466796875,63.63347625732422
2022-08-25,365.611572265625,64.27479553222656
2022-08-26,353.0811462402344,62.62843322753906
2022-08-29,350.7493591308594,63.57603454589844
2022-08-30,346.93902587890625,60.59920883178711
2022-08-31,344.2092590332031,60.206764221191406
2022-09-01,345.27081298828125,57.890384674072266
2022-09-02,341.6500549316406,60.819366455078125
2022-09-06,340.5032043457031,59.73774337768555
2022-09-07,346.6072692871094,58.98157501220703
2022-09-08,348.8726806640625,59.1442985534668
2022-09-09,354.25634765625,62.19770812988281
2022-09-12,358.1520080566406,63.33674621582031
2022-09-13,342.5315246582031,60.94380187988281
2022-09-14,343.8111572265625,63.11661148071289
2022-09-15,339.9723815917969,61.671260833740234
2022-09-16,337.2994384765625,59.230445861816406
2022-09-19,339.8871154785156,59.34352493286133
2022-09-20,336.0577392578125,57.350379943847656
2022-09-21,330.1433410644531,56.075931549072266
2022-09-22,327.3565979003906,55.529727935791016
2022-09-23,321.9159851074219,50.64274215698242
2022-09-26,318.7975158691406,49.665340423583984
2022-09-27,317.8971862792969,50.73856735229492
2022-09-28,324.1413879394531,53.2108154296875
2022-09-29,317.3820495605469,53.2299690246582
2022-09-30,312.54583740234375,52.87543487548828
2022-10-03,320.8093566894531,56.64129638671875
2022-10-04,330.5484619140625,59.04646301269531
2022-10-05,329.9772033691406,61.25040817260742
2022-10-06,326.5023498535156,61.882835388183594
2022-10-07,317.3344421386719,61.365386962890625
2022-10-10,314.9639892578125,59.48725509643555
2022-10-11,312.8885192871094,58.87397384643555
2022-10-12,311.9175109863281,58.69192123413086
2022-10-13,320.08575439453125,61.662437438964844
2022-10-14,312.8790588378906,59.16144561767578
2022-10-17,320.82843017578125,60.88627624511719
2022-10-18,324.60791015625,61.86366653442383
2022-10-19,322.3611145019531,64.81504821777344
2022-10-20,319.7144470214844,65.4666519165039
2022-10-21,327.397216796875,67.93888854980469
2022-10-24,331.3862609863281,69.24211120605469
2022-10-25,336.7745666503906,69.59662628173828
2022-10-26,334.26123046875,72.98877716064453
2022-10-27,332.4715270996094,72.75881958007812
2022-10-28,340.2303771972656,72.77798461914062
2022-10-31,337.9169921875,75.2406234741211
2022-11-01,336.5556335449219,74.58902740478516
2022-11-02,327.9684143066406,72.86422729492188
2022-11-03,324.4745788574219,75.30770111083984
2022-11-04,329.22509765625,76.50550842285156
2022-11-07,332.3857421875,79.08316040039062
2022-11-08,334.1946716308594,79.15982055664062
2022-11-09,327.36865234375,74.45488739013672
2022-11-10,345.28558349609375,77.01338958740234
2022-11-11,348.58905029296875,79.28438568115234
2022-11-14,345.7901611328125,77.70329284667969
2022-11-15,348.6462097167969,79.02568054199219
2022-11-16,345.9996032714844,77.56914520263672
2022-11-17,345.0,77.444580078125
2022-11-18,346.5231628417969,76.43843841552734
2022-11-21,345.3045959472656,74.24407958984375
2022-11-22,349.90283203125,76.51510620117188
2022-11-23,352.09246826171875,74.72320556640625
2022-11-25,352.05438232421875,74.11949920654297
2022-11-28,346.48516845703125,72.2509536743164
2022-11-29,345.8758850097656,73.71702575683594
2022-11-30,356.5193176269531,75.39396667480469
2022-12-01,356.5669860839844,74.85735321044922
2022-12-02,356.0528564453125,76.0263900756836
2022-12-05,349.7124328613281,72.18387603759766
2022-12-06,344.65716552734375,71.07231140136719
2022-12-07,343.9908142089844,69.3762435913086
2022-12-08,346.7040710449219,69.46248626708984
2022-12-09,344.1717529296875,66.8177490234375
2022-12-12,349.0840759277344,69.49121856689453
2022-12-13,351.6640625,72.13595581054688
2022-12-14,349.5410461425781,72.08805084228516
2022-12-15,340.9444580078125,71.32145690917969
2022-12-16,336.8792724609375,70.30571746826172
2022-12-19,333.9756164550781,70.33354949951172
2022-12-20,334.4845886230469,73.15418243408203
2022-12-21,339.4873962402344,74.52611541748047
2022-12-22,334.7141418457031,72.6169204711914
2022-12-23,336.5890197753906,75.6582260131836
2022-12-27,335.2498474121094,75.84049987792969
2022-12-28,331.1365051269531,73.48997497558594
2022-12-29,337.0099182128906,75.98441314697266
2022-12-30,336.0820007324219,76.51209259033203
2023-01-03,334.7906799316406,72.15641021728516
2023-01-04,337.20123291015625,72.58814239501953
2023-01-05,333.5184020996094,73.7010498046875
2023-01-06,341.10400390625,75.95561218261719
2023-01-09,340.8553161621094,77.79766082763672
2023-01-10,343.2850341796875,79.82201385498047
2023-01-11,347.6661376953125,79.6972885131836
2023-01-12,348.967041015625,81.73121643066406
2023-01-13,350.3253479003906,82.30684661865234
2023-01-17,349.7896728515625,83.20868682861328
2023-01-18,344.10772705078125,79.40946960449219
2023-01-19,341.6300964355469,79.52460479736328
2023-01-20,347.9148254394531,81.02124786376953
2023-01-23,352.1524658203125,81.01166534423828
2023-01-24,351.77935791015625,80.5799331665039
2023-01-25,351.9037780761719,82.9208755493164
2023-01-26,355.6630859375,83.52528381347656
2023-01-27,356.6770324707031,82.75776672363281
2023-01-30,352.21942138671875,81.8943099975586
2023-01-31,357.22222900390625,84.01457977294922
2023-02-01,361.1346130371094,83.90904998779297
2023-02-02,366.30975341796875,81.16515350341797
2023-02-03,362.3973693847656,81.92308807373047
2023-02-06,360.3023681640625,81.95187377929688
2023-02-07,364.9514465332031,84.02417755126953
2023-02-08,360.9529113769531,85.83743286132812
2023-02-09,357.8631896972656,82.5850830078125
2023-02-10,358.733642578125,85.3673324584961
2023-02-13,362.8756408691406,85.9429702758789
2023-02-14,362.74169921875,85.77989196777344
2023-02-15,363.9565734863281,84.91642761230469
2023-02-16,358.8962707519531,84.897216796875
2023-02-17,357.96844482421875,81.44338989257812
2023-02-21,350.861083984375,79.28472900390625
2023-02-22,350.4210205078125,76.76152801513672
2023-02-23,352.1811218261719,78.26779174804688
2023-02-24,348.4122314453125,80.30169677734375
2023-02-27,349.61749267578125,82.31644439697266
2023-02-28,348.2974853515625,81.81756591796875
2023-03-01,347.02520751953125,84.04337310791016
2023-03-02,349.61749267578125,85.83743286132812
2023-03-03,355.1561584472656,87.19977569580078
2023-03-06,355.5865783691406,86.80644226074219
2023-03-07,350.08624267578125,85.12750244140625
2023-03-08,350.6315002441406,83.69798278808594
2023-03-09,344.2128601074219,79.06407928466797
2023-03-10,339.2769470214844,76.98218536376953
2023-03-13,338.70306396484375,73.14459991455078
2023-03-14,344.3276672363281,73.7490005493164
2023-03-15,342.20404052734375,68.65460205078125
2023-03-16,348.0582580566406,69.1343002319336
2023-03-17,344.2511901855469,66.94686889648438
2023-03-20,347.3599853515625,69.06035614013672
2023-03-21,351.9037780761719,71.30730438232422
2023-03-22,346.0686340332031,68.65705871582031
2023-03-23,346.89129638671875,67.08226776123047
2023-03-24,349.20330810546875,66.83259582519531
2023-03-27,349.7795715332031,70.16462707519531
2023-03-28,349.1648254394531,71.95066833496094
2023-03-29,354.130615234375,72.55561065673828
2023-03-30,356.2438049316406,71.4417495727539
2023-03-31,361.2192687988281,72.21953582763672
2023-04-03,362.6504211425781,76.53101348876953
2023-04-04,360.6045227050781,73.8615493774414
2023-04-05,359.7304382324219,73.46784973144531
2023-04-06,361.10394287109375,72.40199279785156
2023-04-10,361.497802734375,73.43905639648438
2023-04-11,361.5457458496094,74.1112060546875
2023-04-12,360.10504150390625,74.5337142944336
2023-04-13,364.7731628417969,74.87940979003906
2023-04-14,364.02392578125,74.71614837646484
2023-04-17,365.2630615234375,74.23603057861328
2023-04-18,365.5127258300781,74.0536117553711
2023-04-19,365.4935302734375,74.04401397705078
2023-04-20,363.4284362792969,72.75727844238281
2023-04-21,363.63970947265625,71.79703521728516
2023-04-24,364.1199645996094,74.30325317382812
2023-04-25,358.36651611328125,70.61593627929688
2023-04-26,356.7720642089844,69.36763000488281
2023-04-27,363.8510437011719,69.48287200927734
2023-04-28,366.9631042480469,70.84639739990234
2023-05-01,366.7134094238281,70.66395568847656
2023-05-02,362.60235595703125,66.38126373291016
2023-05-03,360.0762634277344,65.51708221435547
2023-05-04,357.4444580078125,66.19884490966797
2023-05-05,364.0047302246094,68.25374603271484
2023-05-08,364.2064208984375,67.95606994628906
2023-05-09,362.6312255859375,68.23455810546875
2023-05-10,364.2160339355469,67.87926483154297
2023-05-11,363.7070007324219,65.98759460449219
2023-05-12,363.2171325683594,66.22765350341797
2023-05-15,364.4753112792969,66.95742797851562
2023-05-16,362.0645446777344,65.23861694335938
2023-05-17,366.38677978515625,67.03424835205078
2023-05-18,369.969482421875,67.9272689819336
2023-05-19,369.3835754394531,68.0232925415039
2023-05-22,369.58526611328125,69.68451690673828
2023-05-23,365.4551086425781,69.90536499023438
2023-05-24,362.71759033203125,70.4911117553711
2023-05-25,365.8777770996094,68.38818359375
2023-05-26,370.6322021484375,68.17693328857422
2023-05-30,370.74749755859375,66.78457641601562
2023-05-31,368.73040771484375,64.43199920654297
2023-06-01,372.2651062011719,67.77362823486328
2023-06-02,377.73046875,71.62417602539062
2023-06-05,377.0003662109375,70.15502166748047
2023-06-06,377.77850341796875,70.81758117675781
2023-06-07,376.53936767578125,73.11255645751953
2023-06-08,378.7966003417969,73.30460357666016
2023-06-09,379.4305725097656,72.54603576660156
2023-06-12,382.91717529296875,70.16462707519531
2023-06-13,385.443359375,71.74903869628906
2023-06-14,385.7410583496094,71.17288208007812
2023-06-15,390.6876525878906,72.72846984863281
2023-06-16,389.2469482421875,71.66259002685547
2023-06-20,387.4507751464844,70.84866333007812
2023-06-21,385.32806396484375,71.86849212646484
2023-06-22,386.73046875,70.55042266845703
2023-06-23,383.8296813964844,69.56907653808594
2023-06-26,382.2447814941406,71.28160095214844
2023-06-27,386.4807434082031,72.0993881225586
2023-06-28,386.653564453125,71.96469116210938
2023-06-29,388.13470458984375,73.5714111328125
2023-06-30,392.734375,75.20694732666016
2023-07-03,393.4864807128906,76.0151138305664
2023-07-05,392.6090087890625,75.97663116455078
2023-07-06,389.4075927734375,75.18771362304688
2023-07-07,388.5011901855469,80.4311294555664
2023-07-10,389.5425720214844,81.32588195800781
2023-07-11,392.0400695800781,83.70226287841797
2023-07-12,395.1258239746094,84.27951049804688
2023-07-13,398.3465576171875,84.92411804199219
2023-07-14,398.0282287597656,83.39439392089844
2023-07-17,399.4169006347656,84.44305419921875
2023-07-18,402.4447021484375,86.80020141601562
2023-07-19,403.31256103515625,86.79058074951172
2023-07-20,400.6800537109375,86.0882568359375
2023-07-21,400.7283020019531,86.2421875
2023-07-24,402.4253845214844,88.2625732421875
2023-07-25,403.6114501953125,88.86870574951172
2023-07-26,403.7079162597656,89.099609375
2023-07-27,400.9693603515625,87.58912658691406
2023-07-28,404.874755859375,88.98416137695312
2023-07-31,405.6557922363281,90.79290771484375
2023-08-01,404.40216064453125,90.49464416503906
2023-08-02,398.7996826171875,89.49407196044922
2023-08-03,397.6715087890625,90.658203125
2023-08-04,395.7236328125,90.34071350097656
2023-08-07,399.29144287109375,89.40747833251953
2023-08-08,397.5653991699219,89.90776824951172
2023-08-09,394.9233093261719,90.86985778808594
2023-08-10,395.1546936035156,90.22525787353516
2023-08-11,394.7882995605469,91.05266571044922
2023-08-14,397.01580810546875,89.98474884033203
2023-08-15,392.46429443359375,88.38765716552734
2023-08-16,389.5617980957031,88.01244354248047
2023-08-17,386.40863037109375,87.56025695800781
2023-08-18,386.7654724121094,88.87832641601562
2023-08-21,389.3207702636719,88.24333953857422
2023-08-22,388.2311706542969,87.25237274169922
2023-08-23,392.41619873046875,87.92584991455078
2023-08-24,387.19940185546875,86.70399475097656
2023-08-25,389.7643737792969,86.8194351196289
2023-08-28,392.329345703125,87.91622924804688
2023-08-29,397.9029541015625,88.65704345703125
2023-08-30,399.56146240234375,89.32087707519531
2023-08-31,399.0504455566406,89.47484588623047
2023-09-01,399.89898681640625,92.39961242675781
2023-09-05,398.15362548828125,93.03457641601562
2023-09-06,395.4053955078125,93.31359100341797
2023-09-07,394.22894287109375,92.90951538085938
2023-09-08,394.76904296875,93.5733642578125
2023-09-11,397.3629150390625,93.85237121582031
2023-09-12,395.23187255859375,96.04593658447266
2023-09-13,395.6947021484375,93.96781158447266
2023-09-14,399.1179504394531,95.50714874267578
2023-09-15,394.1422119140625,94.76634979248047
2023-09-18,394.57611083984375,95.06314849853516
2023-09-19,393.785400390625,92.80824279785156
2023-09-20,390.10186767578125,92.49024200439453
2023-09-21,383.7086486816406,90.71713256835938
2023-09-22,382.7829284667969,91.47840881347656
2023-09-25,384.3739929199219,92.90460205078125
2023-09-26,378.7329406738281,92.11441802978516
2023-09-27,378.81976318359375,95.602783203125
2023-09-28,381.0296325683594,94.69697570800781
2023-09-29,380.1197204589844,92.29750061035156
2023-10-02,380.0907287597656,89.2042236328125
2023-10-03,374.9798278808594,89.45476531982422
2023-10-04,377.738525390625,85.10874938964844
2023-10-05,377.4190979003906,84.46309661865234
2023-10-06,381.92010498046875,85.67729949951172
2023-10-09,384.46588134765625,89.41621398925781
2023-10-10,386.4501953125,89.65711975097656
2023-10-11,388.0860595703125,90.3124008178711
2023-10-12,385.7532043457031,89.27166748046875
2023-10-13,383.72052001953125,90.8809585571289
2023-10-16,387.73760986328125,90.30277252197266
2023-10-17,387.7472839355469,92.11441802978516
2023-10-18,382.5589294433594,91.77713012695312
2023-10-19,379.3162536621094,91.50730895996094
2023-10-20,374.5926208496094,89.59931945800781
2023-10-23,373.9344177246094,88.67420196533203
2023-10-24,376.7318115234375,88.31765747070312
2023-10-25,371.4176940917969,86.90111541748047
2023-10-26,366.858642578125,85.01237487792969
2023-10-27,365.2323913574219,85.07984924316406
2023-10-30,369.62689208984375,84.5980224609375
2023-10-31,371.8630065917969,84.2800064086914
2023-11-01,375.9574279785156,84.68474578857422
2023-11-02,383.1010437011719,87.1902084350586
2023-11-03,386.6438293457031,86.85293579101562
2023-11-06,387.38909912109375,84.96419525146484
2023-11-07,388.4828796386719,80.69526672363281
2023-11-08,388.8023681640625,80.51216888427734
2023-11-09,385.8694152832031,80.51216888427734
2023-11-10,391.89013671875,81.56254577636719
2023-11-13,391.4932861328125,82.21782684326172
2023-11-14,399.0143737792969,84.07764434814453
2023-11-15,399.88555908203125,82.53583526611328
2023-11-16,400.44696044921875,79.26908874511719
2023-11-17,401.03741455078125,81.40836334228516
2023-11-20,404.0574645996094,81.42764282226562
2023-11-21,403.0024108886719,80.71455383300781
2023-11-22,404.7447509765625,80.50254821777344
2023-11-24,404.9673156738281,81.40836334228516
2023-11-27,404.2607421875,80.5988998413086
2023-11-28,404.6575927734375,80.25199890136719
2023-11-29,404.396240234375,80.11708068847656
2023-11-30,405.9643249511719,80.49291229248047
2023-12-01,408.34552001953125,81.3023681640625
2023-12-04,406.29345703125,80.84944915771484
2023-12-05,406.1676025390625,78.97998809814453
2023-12-06,404.4737243652344,75.88670349121094
2023-12-07,407.6389465332031,75.78070068359375
2023-12-08,409.37164306640625,77.01416015625
2023-12-11,410.95904541015625,76.75398254394531
2023-12-12,413.0014953613281,75.5687026977539
2023-12-13,418.6253356933594,77.67906951904297
2023-12-14,419.8546142578125,80.88800048828125
2023-12-15,419.21575927734375,80.16526794433594
2023-12-18,421.5873107910156,80.92155456542969
2023-12-19,424.1524353027344,82.67945861816406
2023-12-20,418.02996826171875,81.60733795166016
2023-12-21,422.1025390625,82.4186782836914
2023-12-22,423.0842590332031,82.33173370361328
2023-12-26,424.843505859375,84.59190368652344
2023-12-27,425.6210632324219,83.91578674316406
2023-12-28,425.6890869140625,82.38969421386719
2023-12-29,424.5518798828125,81.62665557861328
2024-01-02,421.840087890625,80.60281372070312
2024-01-03,418.71044921875,80.73802185058594
2024-01-04,417.3885192871094,78.78694915771484
2024-01-05,417.9231262207031,80.32271575927734
2024-01-08,423.90069580078125,78.4006118774414
2024-01-09,422.8703918457031,76.44953155517578
2024-01-10,425.659912109375,75.26148223876953
2024-01-11,425.5141296386719,75.55126190185547
2024-01-12,425.70849609375,76.60405731201172
2024-01-16,424.2602844238281,74.9330825805664
2024-01-17,421.8984375,74.76888275146484
2024-01-18,425.65020751953125,75.94725036621094
2024-01-19,430.8599548339844,76.16942596435547
2024-01-22,431.8415832519531,77.55062866210938
2024-01-23,433.12457275390625,77.92732238769531
2024-01-24,433.4841613769531,79.8783950805664
2024-01-25,435.92376708984375,80.96984100341797
2024-01-26,435.661376953125,81.60733795166016
2024-01-29,438.8299560546875,81.92607116699219
2024-01-30,438.5189514160156,80.9891586303711
2024-01-31,431.3750305175781,78.80626678466797
2024-02-01,437.05126953125,78.42957305908203
2024-02-02,441.541748046875,75.93760681152344
2024-02-05,439.9283142089844,74.99104309082031
2024-02-06,441.29876708984375,76.68133544921875
2024-02-07,444.9241943359375,76.44953155517578
2024-02-08,445.2254638671875,77.81141662597656
2024-02-09,447.75250244140625,77.43470764160156
2024-02-12,447.5484924316406,78.55514526367188
2024-02-13,441.2404479980469,76.99040985107422
2024-02-14,445.4393005371094,77.20291137695312
2024-02-15,448.4523620605469,80.30338287353516
2024-02-16,446.1585388183594,80.33235931396484
2024-02-20,443.7092590332031,79.58863830566406
2024-02-21,444.1562805175781,80.53519439697266
2024-02-22,453.48712158203125,81.53005981445312
2024-02-23,453.69122314453125,80.6607666015625
2024-02-26,452.02923583984375,80.42893981933594
2024-02-27,452.86505126953125,80.56417083740234
2024-02-28,452.16522216796875,79.53068542480469
2024-02-29,453.8370056152344,79.13467407226562
2024-03-01,458.2108154296875,82.12890625
2024-03-04,457.6665344238281,81.0664291381836
2024-03-05,453.0788879394531,81.0664291381836
2024-03-06,455.4796142578125,81.08574676513672
2024-03-07,459.98956298828125,82.9209213256836
2024-03-08,457.20001220703125,82.6601333618164
2024-03-11,456.8209228515625,83.72258758544922
2024-03-12,461.7099304199219,83.71294403076172
2024-03-13,461.0101013183594,85.01688385009766
2024-03-14,459.999267578125,85.77994537353516
2024-03-15,456.8306579589844,86.4753646850586
2024-03-18,459.6882019042969,86.4947280883789
2024-03-19,462.2639465332031,88.49835205078125
2024-03-20,466.2975769042969,88.53707885742188
2024-03-21,467.8526611328125,89.3695068359375
2024-03-22,467.2413024902344,88.66290283203125
2024-03-25,466.03216552734375,89.58245086669922
2024-03-26,464.7255859375,88.44994354248047
2024-03-27,468.78192138671875,89.77603149414062
2024-03-28,468.72344970703125,90.10513305664062
2024-04-01,468.109130859375,90.45357513427734
2024-04-02,465.0473327636719,92.4668960571289
2024-04-03,465.4666442871094,94.34468841552734
2024-04-04,459.733154296875,93.24124145507812
2024-04-05,464.6183166503906,94.61570739746094
2024-04-08,464.8036193847656,93.61873626708984
2024-04-09,465.37884521484375,93.10574340820312
2024-04-10,460.8739929199219,93.72520446777344
2024-04-11,464.19903564453125,92.75727844238281
2024-04-12,457.8707275390625,90.88916015625
2024-04-15,452.0591735839844,89.16622924804688
2024-04-16,451.2498779296875,87.84016418457031
2024-04-17,448.5293884277344,86.62055969238281
2024-04-18,447.5055847167969,86.67864227294922
2024-04-19,443.7612609863281,87.62721252441406
2024-04-22,447.61279296875,87.68528747558594
2024-04-23,453.258544921875,89.44692993164062
2024-04-24,452.92706298828125,88.75001525878906
2024-04-25,451.0549011230469,88.93392944335938
2024-04-26,455.56951904296875,89.68892669677734
2024-04-29,457.1589050292969,89.7953872680664
2024-04-30,449.93353271484375,85.6816635131836
2024-05-01,448.4708557128906,84.53948974609375
2024-05-02,452.6540222167969,85.73975372314453
2024-05-03,458.2705078125,87.36588287353516
2024-05-06,462.89239501953125,88.57579040527344
2024-05-07,463.5554504394531,88.99200439453125
2024-05-08,463.574951171875,89.04039001464844
2024-05-09,466.2369689941406,90.44390106201172
2024-05-10,466.81219482421875,89.14686584472656
2024-05-13,466.84149169921875,89.4662857055664
2024-05-14,469.0549621582031,90.80203247070312
2024-05-15,474.76898193359375,90.88916015625
2024-05-16,473.8620910644531,90.8310775756836
2024-05-17,474.5641784667969,91.5570297241211
2024-05-20,475.0322570800781,92.73789978027344
2024-05-21,476.30963134765625,92.72824096679688
2024-05-22,474.9249572753906,89.28237915039062
2024-05-23,471.3951721191406,88.20796203613281
2024-05-24,474.6031799316406,88.53707885742188
2024-05-28,474.98345947265625,90.5987777709961
2024-05-29,471.6389465332031,88.38220977783203
2024-05-30,468.4698791503906,88.73065185546875
2024-05-31,472.5457763671875,90.73429107666016
2024-06-03,473.0625915527344,85.87525177001953
2024-06-04,473.6378479003906,83.36829376220703
2024-06-05,479.3030700683594,83.82323455810547
2024-06-06,479.19586181640625,84.00714111328125
2024-06-07,478.57177734375,84.02649688720703
2024-06-10,480.1417236328125,87.32715606689453
2024-06-11,481.2337646484375,86.68831634521484
2024-06-12,485.2413635253906,87.5304183959961
2024-06-13,486.157958984375,85.25577545166016
2024-06-14,486.5479431152344,82.60362243652344
2024-06-17,490.4093017578125,83.75546264648438
2024-06-18,491.7159118652344,83.9490737915039
2024-06-20,490.350830078125,84.6846923828125
2024-06-21,489.2781982421875,84.7814712524414
2024-06-24,487.96185302734375,86.92698669433594
2024-06-25,489.9900207519531,87.11144256591797
2024-06-26,490.53607177734375,86.4901123046875
2024-06-27,491.296630859375,87.41238403320312
2024-06-28,489.40216064453125,88.1987533569336
2024-07-01,490.5274658203125,86.77165222167969
2024-07-02,493.7077941894531,87.22794342041016
2024-07-03,495.9388427734375,87.99488830566406
2024-07-05,498.9038391113281,86.46098327636719
2024-07-08,499.3834228515625,86.32506561279297
2024-07-09,499.931396484375,85.19893646240234
2024-07-10,504.7458801269531,86.470703125
2024-07-11,500.420654296875,88.85890197753906
2024-07-12,503.51287841796875,89.5481948852539
2024-07-15,505.03936767578125,93.10139465332031
2024-07-16,507.9065246582031,94.83914947509766
2024-07-17,500.8120422363281,94.26637268066406
2024-07-18,497.0446472167969,93.34408569335938
2024-07-19,493.7273864746094,92.1402816772461
2024-07-22,498.85498046875,92.3053207397461
2024-07-23,498.023193359375,92.07232666015625
2024-07-24,486.6230773925781,90.11125946044922
2024-07-25,484.16693115234375,93.40234375
2024-07-26,489.5979309082031,94.3051986694336
2024-07-29,489.9599914550781,92.92662811279297
2024-07-30,487.3961486816406,93.67416381835938
2024-07-31,495.0777893066406,95.6061019897461
2024-08-01,488.3257751464844,91.32479858398438
2024-08-02,479.4013366699219,85.9949951171875
2024-08-05,465.00689697265625,82.35445404052734
2024-08-06,469.6452331542969,82.69422149658203
2024-08-07,466.38665771484375,82.21853637695312
2024-08-08,477.2681579589844,84.29606628417969
2024-08-09,479.3133239746094,83.79124450683594
2024-08-12,479.5579528808594,84.5678939819336
2024-08-13,487.5233154296875,83.40291595458984
2024-08-14,489.0792541503906,83.03400421142578
2024-08-15,497.4752502441406,84.95623016357422
2024-08-16,498.52227783203125,85.03388977050781
2024-08-19,503.317138671875,85.38338470458984
2024-08-20,502.4853820800781,82.35445404052734
2024-08-21,504.2467956542969,82.57772827148438
2024-08-22,500.1662292480469,82.1020278930664
2024-08-23,505.57757568359375,85.02418518066406
2024-08-26,504.3348388671875,85.87850952148438
2024-08-27,505.0100402832031,85.09214782714844
2024-08-28,502.1233215332031,83.58737182617188
2024-08-29,502.20159912109375,84.49993896484375
2024-08-30,506.9279479980469,84.12132263183594
2024-09-03,496.6728210449219,79.869140625
2024-09-04,495.4398193359375,78.69445037841797
2024-09-05,494.2166442871094,78.36438751220703
2024-09-06,485.987060546875,76.66544342041016
2024-09-09,491.4571228027344,76.52952575683594
2024-09-10,493.48272705078125,74.80148315429688
2024-09-11,498.53204345703125,74.94709777832031
2024-09-12,502.818115234375,75.60724639892578
2024-09-13,505.4895324707031,75.86937713623047
2024-09-16,506.2527770996094,77.9275131225586
2024-09-17,506.48773193359375,80.58755493164062
2024-09-18,504.84368896484375,79.70410919189453
2024-09-19,513.6505737304688,81.75253295898438
2024-09-20,512.6427001953125,81.98551940917969
2024-09-23,513.905029296875,82.63443756103516
2024-09-24,515.3826293945312,82.51753234863281
2024-09-25,514.3356323242188,79.62371063232422
2024-09-26,516.3807983398438,76.61296081542969
2024-09-27,515.7123413085938,78.43500518798828
2024-09-30,517.9601440429688,78.69807434082031
2024-10-01,513.1209106445312,80.7149658203125
2024-10-02,513.209228515625,81.00727844238281
2024-10-03,512.2374877929688,82.72212982177734
2024-10-04,516.958984375,83.90108489990234
2024-10-07,512.30615234375,84.08622741699219
2024-10-08,517.1552124023438,81.45548248291016
2024-10-09,520.68896484375,81.0560073852539
2024-10-10,519.8154296875,81.6211166381836
2024-10-11,522.9074096679688,82.48829650878906
2024-10-14,527.1871948242188,81.61138153076172
2024-10-15,523.1724243164062,78.62987518310547
2024-10-16,525.3712158203125,79.808837890625
2024-10-17,525.44970703125,79.36063385009766
2024-10-18,527.4718627929688,77.52886199951172
2024-10-21,526.6571655273438,77.46066284179688
2024-10-22,526.2940063476562,76.69092559814453
2024-10-23,521.4940185546875,75.6775894165039
2024-10-24,522.671875,75.79451751708984
2024-10-25,522.4656982421875,76.90526580810547
2024-10-28,524.0952758789062,75.82373809814453
2024-10-29,524.9295654296875,74.92735290527344
2024-10-30,523.3491821289062,75.0929946899414
2024-10-31,513.0521850585938,75.45349884033203
2024-11-01,515.2804565429688,74.30377197265625
2024-11-04,514.1613159179688,75.89195251464844
2024-11-05,520.3455200195312,77.12937927246094
2024-11-06,533.3025512695312,83.98878479003906
2024-11-07,537.4547729492188,82.78058624267578
2024-11-08,539.8302612304688,81.65035247802734
2024-11-11,540.2720336914062,83.73545837402344
2024-11-12,538.65234375,82.82930755615234
2024-11-13,538.9271850585938,81.46522521972656
2024-11-14,535.5012817382812,80.85138702392578
2024-11-15,528.5908813476562,79.33140563964844
2024-11-18,530.7799072265625,80.64676666259766
2024-11-19,532.7136840820312,80.17908477783203
2024-11-20,532.909912109375,81.14369201660156
2024-11-21,535.5995483398438,83.58930969238281
2024-11-22,537.3958740234375,84.96312713623047
2024-11-25,539.1234741210938,83.8426284790039
2024-11-26,542.146728515625,82.75137329101562
2024-11-27,540.419189453125,82.94622802734375
2024-11-29,543.265869140625,83.57955169677734
2024-12-02,544.797119140625,83.6185302734375
2024-12-03,544.9246826171875,83.76467895507812
2024-12-04,548.3603515625,82.04983520507812
2024-12-05,547.4474487304688,81.65035247802734
2024-12-06,548.5369873046875,78.0355224609375
2024-12-09,545.6804809570312,78.66885375976562
2024-12-10,544.129638671875,79.44832611083984
2024-12-11,548.2523803710938,81.01702880859375
2024-12-12,545.4253540039062,79.03910827636719
2024-12-13,545.3860473632812,78.20115661621094
2024-12-16,547.5259399414062,77.24629211425781
2024-12-17,545.2290649414062,76.42784881591797
2024-12-18,529.2191772460938,73.57300567626953
2024-12-19,529.0227661132812,72.86173248291016
2024-12-20,535.010498046875,73.10531616210938
2024-12-23,538.8402099609375,73.6843032836914
2024-12-24,544.38427734375,74.31024932861328
2024-12-26,544.37451171875,74.8579330444336
2024-12-27,538.7318725585938,74.51561737060547
2024-12-30,532.73486328125,75.91419982910156
2024-12-31,530.588134765625,77.18563079833984
2025-01-02,529.2587890625,79.249267578125
2025-01-03,536.0928344726562,79.96321868896484
2025-01-06,539.21435546875,80.19794464111328
2025-01-07,533.1483764648438,81.03904724121094
2025-01-08,533.8672485351562,79.69915771484375
2025-01-10,525.7431640625,79.79695892333984
2025-01-13,526.4226684570312,81.1466293334961
2025-01-14,527.0922241210938,82.37893676757812
2025-01-15,536.7328491210938,84.79466247558594
2025-01-16,535.9352416992188,84.77510070800781
2025-01-17,541.0755615234375,85.54774475097656
2025-01-21,545.9993896484375,85.58686065673828
2025-01-22,549.1011962890625,83.36674499511719
2025-01-23,552.1441040039062,83.55257415771484
2025-01-24,550.4798583984375,83.22003173828125
2025-01-27,542.818603515625,80.64783477783203
2025-01-28,547.3681030273438,79.73827362060547
2025-01-29,544.9652709960938,79.68938446044922
2025-01-30,547.8112182617188,79.93389129638672
2025-01-31,544.8865356445312,78.21256256103516
2025-02-03,541.3119506835938,77.33232879638672
2025-02-04,544.9061889648438,79.61112976074219
2025-02-05,547.1415405273438,79.86543273925781
2025-02-06,549.111083984375,77.49859619140625
2025-02-07,543.7737426757812,76.93135070800781
2025-02-10,547.66357421875,79.19058227539062
2025-02-11,548.1559448242188,79.55244445800781
2025-02-12,546.3439331054688,77.615966796875
2025-02-13,552.1144409179688,78.37881469726562
2025-02-14,552.1341552734375,78.0951919555664
2025-02-18,553.7294921875,79.29816436767578
2025-02-19,555.0687866210938,77.6942138671875
2025-02-20,552.7349243164062,77.7039794921875
2025-02-21,543.3306274414062,75.21002960205078
2025-02-24,540.7604370117188,74.77969360351562
2025-02-25,538.0721435546875,73.59628295898438
2025-02-26,538.4068603515625,72.64759826660156
2025-02-27,529.7608642578125,72.62803649902344
2025-02-28,537.993408203125,72.64759826660156
