date,wti_usd_per_bbl
2019-01-01,70.00
2019-01-08,73.18
2019-01-15,76.32
2019-01-22,79.39
2019-01-29,82.33
2019-02-05,85.13
2019-02-12,87.73
2019-02-19,90.12
2019-02-26,92.26
2019-03-05,94.12
2019-03-12,95.69
2019-03-19,96.95
2019-03-26,97.88
2019-04-02,98.47
2019-04-09,98.73
2019-04-16,98.64
2019-04-23,98.21
2019-04-30,97.45
2019-05-07,96.38
2019-05-14,95.01
2019-05-21,93.36
2019-05-28,91.46
2019-06-04,89.32
2019-06-11,87.00
2019-06-18,84.51
2019-06-25,81.88
2019-07-02,79.17
2019-07-09,76.40
2019-07-16,73.61
2019-07-23,70.83
2019-07-30,68.11
2019-08-06,65.48
2019-08-13,62.97
2019-08-20,60.61
2019-08-27,58.44
2019-09-03,56.47
2019-09-10,54.74
2019-09-17,53.25
2019-09-24,52.03
2019-10-01,51.08
2019-10-08,50.42
2019-10-15,50.05
2019-10-22,49.96
2019-10-29,50.15
2019-11-05,50.61
2019-11-12,51.33
2019-11-19,52.29
2019-11-26,53.47
2019-12-03,54.85
2019-12-10,56.40
2019-12-17,58.10
2019-12-24,59.91
2019-12-31,61.80
2020-01-07,63.75
2020-01-14,65.72
2020-01-21,67.68
2020-01-28,69.59
2020-02-04,71.44
2020-02-11,73.17
2020-02-18,74.78
2020-02-25,76.24
2020-03-03,77.52
2020-03-10,78.61
2020-03-17,79.49
2020-03-24,80.15
2020-03-31,80.58
2020-04-07,80.78
2020-04-14,80.74
2020-04-21,80.47
2020-04-28,79.98
2020-05-05,79.28
2020-05-12,78.38
2020-05-19,77.30
2020-05-26,76.06
2020-06-02,74.69
2020-06-09,73.21
2020-06-16,71.64
2020-06-23,70.02
2020-06-30,68.37
2020-07-07,66.73
2020-07-14,65.12
2020-07-21,63.58
2020-07-28,62.13
2020-08-04,60.81
2020-08-11,59.63
2020-08-18,58.63
2020-08-25,57.82
2020-09-01,57.21
2020-09-08,56.84
2020-09-15,56.69
2020-09-22,56.80
2020-09-29,57.14
2020-10-06,57.74
2020-10-13,58.58
2020-10-20,59.65
2020-10-27,60.95
2020-11-03,62.45
2020-11-10,64.14
2020-11-17,65.99
2020-11-24,67.99
2020-12-01,70.10
2020-12-08,72.29
2020-12-15,74.53
2020-12-22,76.79
2020-12-29,79.04
2021-01-05,81.23
2021-01-12,83.35
2021-01-19,85.35
2021-01-26,87.20
2021-02-02,88.88
2021-02-09,90.35
2021-02-16,91.59
2021-02-23,92.57
2021-03-02,93.29
2021-03-09,93.72
2021-03-16,93.84
2021-03-23,93.66
2021-03-30,93.18
2021-04-06,92.38
2021-04-13,91.28
2021-04-20,89.88
2021-04-27,88.20
2021-05-04,86.26
2021-05-11,84.08
2021-05-18,81.69
2021-05-25,79.10
2021-06-01,76.36
2021-06-08,73.50
2021-06-15,70.54
2021-06-22,67.54
2021-06-29,64.52
2021-07-06,61.53
2021-07-13,58.61
2021-07-20,55.78
2021-07-27,53.10
2021-08-03,50.59
2021-08-10,48.28
2021-08-17,46.22
2021-08-24,44.42
2021-08-31,42.91
2021-09-07,41.71
2021-09-14,40.83
2021-09-21,40.29
2021-09-28,40.10
2021-10-05,40.26
2021-10-12,40.77
2021-10-19,41.62
2021-10-26,42.80
2021-11-02,44.30
2021-11-09,46.10
2021-11-16,48.18
2021-11-23,50.51
2021-11-30,53.05
2021-12-07,55.79
2021-12-14,58.68
2021-12-21,61.69
2021-12-28,64.77
2022-01-04,67.90
2022-01-11,71.03
2022-01-18,74.11
2022-01-25,77.13
2022-02-01,80.03
2022-02-08,82.78
2022-02-15,85.34
2022-02-22,87.70
2022-03-01,89.81
2022-03-08,91.66
2022-03-15,93.23
2022-03-22,94.49
2022-03-29,95.43
2022-04-05,96.06
2022-04-12,96.35
2022-04-19,96.33
2022-04-26,95.98
2022-05-03,95.32
2022-05-10,94.36
2022-05-17,93.12
2022-05-24,91.63
2022-05-31,89.90
2022-06-07,87.96
2022-06-14,85.84
2022-06-21,83.58
2022-06-28,81.20
2022-07-05,78.75
2022-07-12,76.25
2022-07-19,73.75
2022-07-26,71.27
2022-08-02,68.86
2022-08-09,66.54
2022-08-16,64.35
2022-08-23,62.30
2022-08-30,60.44
2022-09-06,58.78
2022-09-13,57.34
2022-09-20,56.14
2022-09-27,55.19
2022-10-04,54.50
2022-10-11,54.07
2022-10-18,53.91
2022-10-25,54.00
2022-11-01,54.34
2022-11-08,54.93
2022-11-15,55.74
2022-11-22,56.75
2022-11-29,57.95
2022-12-06,59.31
2022-12-13,60.81
2022-12-20,62.41
2022-12-27,64.10
2023-01-03,65.83
2023-01-10,67.57
2023-01-17,69.30
2023-01-24,70.99
2023-01-31,72.60
2023-02-07,74.11
2023-02-14,75.50
2023-02-21,76.73
2023-02-28,77.79
2023-03-07,78.66
2023-03-14,79.32
2023-03-21,79.77
2023-03-28,79.99
2023-04-04,79.98
2023-04-11,79.74
2023-04-18,79.28
2023-04-25,78.60
2023-05-02,77.71
2023-05-09,76.63
2023-05-16,75.37
2023-05-23,73.96
2023-05-30,72.42
2023-06-06,70.77
2023-06-13,69.05
2023-06-20,67.28
2023-06-27,65.50
2023-07-04,63.73
2023-07-11,62.00
2023-07-18,60.35
2023-07-25,58.81
2023-08-01,57.40
2023-08-08,56.15
2023-08-15,55.09
2023-08-22,54.23
2023-08-29,53.60
2023-09-05,53.21
2023-09-12,53.08
2023-09-19,53.21
2023-09-26,53.60
2023-10-03,54.27
2023-10-10,55.20
2023-10-17,56.38
2023-10-24,57.81
2023-10-31,59.47
2023-11-07,61.34
2023-11-14,63.40
2023-11-21,65.62
2023-11-28,67.97
2023-12-05,70.43
2023-12-12,72.96
2023-12-19,75.52
2023-12-26,78.09
2024-01-02,80.62
2024-01-09,83.08
2024-01-16,85.43
2024-01-23,87.65
2024-01-30,89.69
2024-02-06,91.54
2024-02-13,93.15
2024-02-20,94.50
2024-02-27,95.58
2024-03-05,96.36
2024-03-12,96.83
2024-03-19,96.97
2024-03-26,96.79
2024-04-02,96.28
2024-04-09,95.44
2024-04-16,94.28
2024-04-23,92.81
2024-04-30,91.04
2024-05-07,89.00
2024-05-14,86.71
2024-05-21,84.19
2024-05-28,81.48
2024-06-04,78.61
2024-06-11,75.61
2024-06-18,72.52
2024-06-25,69.38
2024-07-02,66.23
2024-07-09,63.11
2024-07-16,60.05
2024-07-23,57.10
2024-07-30,54.29
2024-08-06,51.65
2024-08-13,49.23
2024-08-20,47.04
2024-08-27,45.13
2024-09-03,43.50
2024-09-10,42.19
2024-09-17,41.21
2024-09-24,40.56
2024-10-01,40.26
2024-10-08,40.31
2024-10-15,40.71
2024-10-22,41.45
2024-10-29,42.52
2024-11-05,43.90
2024-11-12,45.57
2024-11-19,47.52
2024-11-26,49.72
2024-12-03,52.13
2024-12-10,54.72
2024-12-17,57.46
2024-12-24,60.32
2024-12-31,63.25
2025-01-07,66.22
2025-01-14,69.19
2025-01-21,72.13
2025-01-28,74.98
2025-02-04,77.73
2025-02-11,80.33
2025-02-18,82.75
2025-02-25,84.97
2025-03-04,86.96
2025-03-11,88.69
2025-03-18,90.15
2025-03-25,91.33
2025-04-01,92.21
2025-04-08,92.78
2025-04-15,93.05
2025-04-22,93.02
2025-04-29,92.69
2025-05-06,92.07
2025-05-13,91.19
2025-05-20,90.04
2025-05-27,88.67
2025-06-03,87.09
2025-06-10,85.33
2025-06-17,83.42
2025-06-24,81.39
2025-07-01,79.27
2025-07-08,77.09
2025-07-15,74.90
2025-07-22,72.71
2025-07-29,70.57
2025-08-05,68.51
2025-08-12,66.55
2025-08-19,64.73
2025-08-26,63.07
2025-09-02,61.59
2025-09-09,60.31
2025-09-16,59.24
2025-09-23,58.41
2025-09-30,57.81
2025-10-07,57.46
2025-10-14,57.35
2025-10-21,57.48
2025-10-28,57.84
2025-11-04,58.43
2025-11-11,59.23
2025-11-18,60.22
2025-11-25,61.38
2025-12-02,62.68
2025-12-09,64.11
2025-12-16,65.64
2025-12-23,67.23
2025-12-30,68.86
