ticker,fiscal_quarter_end,decision_date_T,decision,conviction_tier,final_size_pct,low_quality_flag,run_id,n_newly_active,n_continuously_active,n_idle,absolute_active,share_active,relative_activity_delta,drilling_signal_raw,drilling_signal_clipped,alpha,revenue_forecast_usd,consensus_median_usd,consensus_dispersion_usd,n_analysts_at_T_minus_14,forecast_divergence_pct,divergence_class,agent3_confidence,actual_revenue_usd,actual_surprise_pct,actual_revenue_beat,forecast_direction,actual_direction,revenue_direction_correct,entry_price,exit_price,gross_return_pct,net_return_pct,net_pnl_usd,trade_win,error
DVN,2019-03-31,2019-04-16,no_trade,none,0.0,False,2026-05-03-strategy1-2019Q1_2019Q4-target-realsar,2,0,3,2,0.4,0.5,0.3333333333333333,0.3333333333333333,0.1,1444667166.6666667,1398065000.0,643602699.3178775,14,3.33,in_line,medium,1079000000.0,-22.821900269300784,False,in_line,miss,,,,,,,,
EOG,2019-03-31,2019-04-18,no_trade,none,0.0,False,2026-05-03-strategy1-2019Q1_2019Q4-target-realsar,0,0,5,0,0.0,-1.5,-1.0,-1.0,0.1,3044043449.9999995,3382270499.9999995,709923876.5155662,18,-10.0,modest_miss,medium,4019087000.0,18.828077174785417,True,miss,beat,False,,,,,,,
FANG,2019-03-31,2019-04-23,no_trade,none,0.0,False,2026-05-03-strategy1-2019Q1_2019Q4-target-realsar,0,2,3,2,0.4,0.5,0.3333333333333333,0.3333333333333333,0.1,925379966.6666667,895529000.0,50725498.66718993,19,3.33,in_line,medium,864000000.0,-3.5207123387405654,False,in_line,miss,,,,,,,,
MTDR,2019-03-31,2019-04-17,no_trade,none,0.0,False,2026-05-03-strategy1-2019Q1_2019Q4-target-realsar,0,0,5,0,0.0,-1.5,-1.0,-1.0,0.1,178852500.0,198725000.0,11740181.003715402,9,-10.0,modest_miss,medium,173889000.0,-12.49767266322808,False,miss,miss,True,,,,,,,
OXY,2019-03-31,2019-04-22,no_trade,none,0.0,False,2026-05-03-strategy1-2019Q1_2019Q4-target-realsar,0,0,5,0,0.0,-1.5,-1.0,-1.0,0.1,3517200000.0,3908000000.0,453002297.04875064,9,-10.0,modest_miss,medium,4004000000.0,2.456499488229273,True,miss,beat,False,,,,,,,
SM,2019-03-31,2019-04-17,no_trade,none,0.0,False,2026-05-03-strategy1-2019Q1_2019Q4-target-realsar,0,2,3,2,0.4,0.5,0.3333333333333333,0.3333333333333333,0.1,365482766.6666667,353693000.0,22959172.878332164,15,3.33,in_line,medium,340869000.0,-3.6257432292977247,False,in_line,miss,,,,,,,,
DVN,2019-06-30,2019-07-23,no_trade,none,0.0,False,2026-05-03-strategy1-2019Q1_2019Q4-target-realsar,0,0,5,0,0.0,-1.5,-1.0,-1.0,0.1,1313635950.0,1459595500.0,574993488.8042761,20,-10.0,modest_miss,medium,1806000000.0,23.73291093320033,True,miss,beat,False,,,,,,,
EOG,2019-06-30,2019-07-18,no_trade,none,0.0,False,2026-05-03-strategy1-2019Q1_2019Q4-target-realsar,0,1,4,1,0.2,1.0,0.0,0.0,0.1,3752177500.0,3752177500.0,738587561.2244809,20,0.0,in_line,medium,4663818000.0,24.296305278734813,True,in_line,beat,,,,,,,,
FANG,2019-06-30,2019-07-23,no_trade,none,0.0,False,2026-05-03-strategy1-2019Q1_2019Q4-target-realsar,0,5,0,5,1.0,3.0,1.5,1.0,0.1,1148400000.0,1044000000.0,51318706.336162806,22,10.0,modest_beat,medium,1021000000.0,-2.203065134099617,False,beat,miss,False,,,,,,,
MTDR,2019-06-30,2019-07-17,no_trade,none,0.0,False,2026-05-03-strategy1-2019Q1_2019Q4-target-realsar,0,0,5,0,0.0,0.0,0.0,0.0,0.1,217700000.0,217700000.0,13879921.3374332,12,0.0,in_line,medium,241704000.0,11.02618282039504,True,in_line,beat,,,,,,,,
OXY,2019-06-30,2019-07-17,no_trade,none,0.0,False,2026-05-03-strategy1-2019Q1_2019Q4-target-realsar,0,0,5,0,0.0,-1.5,-1.0,-1.0,0.1,3883500000.0,4315000000.0,994109979.6175836,11,-10.0,modest_miss,medium,4420000000.0,2.4333719582850524,True,miss,beat,False,,,,,,,
SM,2019-06-30,2019-07-18,no_trade,none,0.0,False,2026-05-03-strategy1-2019Q1_2019Q4-target-realsar,1,3,1,4,0.8,2.5,1.6666666666666667,1.0,0.1,446722650.00000006,406111500.0,17579321.211623553,18,10.0,modest_beat,medium,406910000.0,0.1966208787488165,True,beat,beat,True,,,,,,,
DVN,2019-09-30,2019-10-22,no_trade,none,0.0,False,2026-05-03-strategy1-2019Q1_2019Q4-target-realsar,0,0,5,0,0.0,0.0,0.0,0.0,0.1,1458960000.0,1458960000.0,527810946.6049865,22,0.0,in_line,medium,1746000000.0,19.674288534298405,True,in_line,beat,,,,,,,,
EOG,2019-09-30,2019-10-23,no_trade,none,0.0,False,2026-05-03-strategy1-2019Q1_2019Q4-target-realsar,0,2,3,2,0.4,0.5,0.3333333333333333,0.3333333333333333,0.1,4312306666.666667,4173200000.0,744362967.1989939,21,3.33,in_line,medium,4273702000.0,2.4082718297709196,True,in_line,beat,,,,,,,,
FANG,2019-09-30,2019-10-22,no_trade,none,0.0,False,2026-05-03-strategy1-2019Q1_2019Q4-target-realsar,0,2,3,2,0.4,-1.5,-0.42857142857142855,-0.42857142857142855,0.1,1025100000.0,1071000000.0,66858979.83884047,21,-4.29,in_line,medium,975000000.0,-8.96358543417367,False,in_line,miss,,,,,,,,
MTDR,2019-09-30,2019-10-15,no_trade,none,0.0,False,2026-05-03-strategy1-2019Q1_2019Q4-target-realsar,3,0,2,3,0.6,1.5,1.0,1.0,0.1,259710000.00000003,236100000.0,17992258.397023838,14,10.0,modest_beat,medium,279402000.0,18.340533672172807,True,beat,beat,True,,,,,,,
OXY,2019-09-30,2019-10-21,no_trade,none,0.0,False,2026-05-03-strategy1-2019Q1_2019Q4-target-realsar,0,1,4,1,0.2,1.0,0.0,0.0,0.1,5142000000.0,5142000000.0,1024734214.3985058,13,0.0,in_line,medium,5859000000.0,13.943990665110853,True,in_line,beat,,,,,,,,
SM,2019-09-30,2019-10-17,no_trade,none,0.0,False,2026-05-03-strategy1-2019Q1_2019Q4-target-realsar,1,0,4,1,0.2,-3.0,-0.75,-0.75,0.1,374020050.0,404346000.0,27126898.997120917,20,-7.5,modest_miss,medium,390317000.0,-3.469553303359004,False,miss,miss,True,,,,,,,
DVN,2019-12-31,2020-02-04,no_trade,none,0.0,False,2026-05-03-strategy1-2019Q1_2019Q4-target-realsar,0,0,5,0,0.0,-1.5,-1.0,-1.0,0.1,1169325000.0,1299250000.0,637788543.0015908,20,-10.0,modest_miss,medium,1589000000.0,22.301327689051377,True,miss,beat,False,,,,,,,
EOG,2019-12-31,2020-02-13,no_trade,none,0.0,False,2026-05-03-strategy1-2019Q1_2019Q4-target-realsar,0,0,5,0,0.0,-1.5,-1.0,-1.0,0.1,3730095000.0,4144550000.0,690961168.9574149,20,-10.0,modest_miss,medium,4165395000.0000005,0.5029496567781901,True,miss,beat,False,,,,,,,
FANG,2019-12-31,2020-02-04,no_trade,none,0.0,False,2026-05-03-strategy1-2019Q1_2019Q4-target-realsar,0,0,5,0,0.0,-1.5,-1.0,-1.0,0.1,994995000.0,1105550000.0,44987958.365340136,20,-10.0,modest_miss,medium,1104000000.0,-0.14020170955632943,False,miss,miss,True,,,,,,,
MTDR,2019-12-31,2020-02-11,no_trade,none,0.0,False,2026-05-03-strategy1-2019Q1_2019Q4-target-realsar,0,1,4,1,0.2,-0.5,-0.3333333333333333,-0.3333333333333333,0.1,246500000.0,255000000.0,15925762.44420237,16,-3.33,in_line,medium,288675000.0,13.205882352941176,True,in_line,beat,,,,,,,,
OXY,2019-12-31,2020-02-13,long,medium,0.1,False,2026-05-03-strategy1-2019Q1_2019Q4-target-realsar,0,3,2,3,0.6,1.5,1.0,1.0,0.1,6523336600.000002,5930306000.000001,1137712486.6903536,14,10.0,modest_beat,medium,6628000000.0,11.764890378337963,True,beat,beat,True,42.04,32.95,-0.21622264509990477,-0.21922264509990477,-21922.264509990477,False,
SM,2019-12-31,2020-02-05,long,medium,0.1,False,2026-05-03-strategy1-2019Q1_2019Q4-target-realsar,0,3,2,3,0.6,1.5,1.0,1.0,0.1,453901800.00000006,412638000.0,19074654.504391547,21,10.0,modest_beat,medium,451147000.0,9.332393041842971,True,beat,beat,True,9.67,8.53,-0.11789038262668051,-0.12089038262668052,-12089.038262668051,False,
DVN,2020-03-31,2020-04-21,no_trade,none,0.0,False,2026-05-03-strategy1-2020Q1_2020Q4-target-realsar,0,0,5,0,0.0,0.0,0.0,0.0,0.1,1072494000.0000001,1072494000.0000001,373083204.48236686,20,0.0,in_line,medium,2087000000.0,94.59316322515555,True,in_line,beat,,,,,,,,
EOG,2020-03-31,2020-04-23,no_trade,none,0.0,False,2026-05-03-strategy1-2020Q1_2020Q4-target-realsar,1,0,4,1,0.2,-0.5,-0.3333333333333333,-0.3333333333333333,0.1,3575410000.0,3698700000.0,886829499.5872682,19,-3.33,in_line,medium,4680216000.0,26.53678319409522,True,in_line,beat,,,,,,,,
FANG,2020-03-31,2020-04-20,no_trade,none,0.0,False,2026-05-03-strategy1-2020Q1_2020Q4-target-realsar,0,0,5,0,0.0,-1.5,-1.0,-1.0,0.1,932584499.9999999,1036204999.9999999,97608993.78285214,22,-10.0,modest_miss,medium,899000000.0,-13.241105765750977,False,miss,miss,True,,,,,,,
MTDR,2020-03-31,2020-04-15,no_trade,none,0.0,False,2026-05-03-strategy1-2020Q1_2020Q4-target-realsar,0,0,5,0,0.0,0.0,0.0,0.0,0.1,253000000.0,253000000.0,28546911.456658244,15,0.0,in_line,medium,371585000.0,46.87154150197628,True,in_line,beat,,,,,,,,
OVV,2020-03-31,2020-04-23,no_trade,none,0.0,False,2026-05-03-strategy1-2020Q1_2020Q4-target-realsar,0,0,5,0,0.0,-1.5,-1.0,-1.0,0.1,1417140000.0,1574600000.0,225128960.5519468,5,-10.0,modest_miss,medium,2643000000.0,67.85215292772767,True,miss,beat,False,,,,,,,
OXY,2020-03-31,2020-04-21,no_trade,none,0.0,False,2026-05-03-strategy1-2020Q1_2020Q4-target-realsar,0,3,2,3,0.6,1.5,1.0,1.0,0.1,5570950000.0,5064500000.0,934039868.3906543,14,10.0,modest_beat,medium,6613000000.0,30.5755750814493,True,beat,beat,True,,,,,,,
SM,2020-03-31,2020-04-15,no_trade,none,0.0,False,2026-05-03-strategy1-2020Q1_2020Q4-target-realsar,0,0,5,0,0.0,-2.0,-1.0,-1.0,0.1,377370000.0,419300000.0,29119029.416077513,23,-10.0,modest_miss,medium,355734000.0,-15.160028619127116,False,miss,miss,True,,,,,,,
DVN,2020-06-30,2020-07-21,no_trade,none,0.0,False,2026-05-03-strategy1-2020Q1_2020Q4-target-realsar,0,0,5,0,0.0,0.0,0.0,0.0,0.1,1000000000.0,1000000000.0,317646019.8533096,19,0.0,in_line,medium,394000000.0,-60.6,False,in_line,miss,,,,,,,,
EOG,2020-06-30,2020-07-23,no_trade,none,0.0,False,2026-05-03-strategy1-2020Q1_2020Q4-target-realsar,0,0,5,0,0.0,-1.0,0.0,0.0,0.1,2362500000.0,2362500000.0,1145100903.938774,20,0.0,in_line,medium,1086656000.0,-54.00397883597884,False,in_line,miss,,,,,,,,
FANG,2020-06-30,2020-07-20,no_trade,none,0.0,False,2026-05-03-strategy1-2020Q1_2020Q4-target-realsar,0,0,5,0,0.0,0.0,0.0,0.0,0.1,707000000.0,707000000.0,241088472.92715558,23,0.0,in_line,medium,425000000.0,-39.886845827439885,False,in_line,miss,,,,,,,,
MTDR,2020-06-30,2020-07-14,no_trade,none,0.0,False,2026-05-03-strategy1-2020Q1_2020Q4-target-realsar,1,3,1,4,0.8,1.0,0.3333333333333333,0.3333333333333333,0.1,202099333.33333334,195580000.0,43800657.65237952,15,3.33,in_line,medium,62920000.0,-67.82902137232846,False,in_line,miss,,,,,,,,
OVV,2020-06-30,2020-07-14,no_trade,none,0.0,False,2026-05-03-strategy1-2020Q1_2020Q4-target-realsar,0,0,5,0,0.0,-1.5,-1.0,-1.0,0.1,1144440000.0,1271600000.0,165800727.6323858,8,-10.0,modest_miss,medium,726000000.0,-42.90657439446367,False,miss,miss,True,,,,,,,
OXY,2020-06-30,2020-07-27,no_trade,none,0.0,False,2026-05-03-strategy1-2020Q1_2020Q4-target-realsar,0,0,5,0,0.0,-1.5,-1.0,-1.0,0.1,3456900000.0,3841000000.0,1286504759.1952498,14,-10.0,modest_miss,medium,2928000000.0,-23.769851601145536,False,miss,miss,True,,,,,,,
SM,2020-06-30,2020-07-16,no_trade,none,0.0,False,2026-05-03-strategy1-2020Q1_2020Q4-target-realsar,0,0,5,0,0.0,-2.5,-1.0,-1.0,0.1,323820000.0,359800000.0,80566507.37762295,21,-10.0,modest_miss,medium,169541000.0,-52.879099499722074,False,miss,miss,True,,,,,,,
DVN,2020-09-30,2020-10-15,no_trade,none,0.0,False,2026-05-03-strategy1-2020Q1_2020Q4-target-realsar,1,0,4,1,0.2,-0.5,-0.3333333333333333,-0.3333333333333333,0.1,685173333.3333334,708800000.0,306540952.657589,18,-3.33,in_line,medium,1067000000.0,50.536117381489845,True,in_line,beat,,,,,,,,
EOG,2020-09-30,2020-10-22,no_trade,none,0.0,False,2026-05-03-strategy1-2020Q1_2020Q4-target-realsar,0,1,4,1,0.2,0.5,0.0,0.0,0.1,2033110000.0,2033110000.0,728383818.668644,19,0.0,in_line,medium,2298160000.0,13.036677799036944,True,in_line,beat,,,,,,,,
FANG,2020-09-30,2020-10-19,no_trade,none,0.0,False,2026-05-03-strategy1-2020Q1_2020Q4-target-realsar,0,0,5,0,0.0,0.0,0.0,0.0,0.1,711700000.0,711700000.0,187306208.50955084,25,0.0,in_line,medium,720000000.0,1.1662217226359421,True,in_line,beat,,,,,,,,
MTDR,2020-09-30,2020-10-13,no_trade,none,0.0,False,2026-05-03-strategy1-2020Q1_2020Q4-target-realsar,1,0,4,1,0.2,-2.5,-0.7142857142857143,-0.7142857142857143,0.1,177095285.71428576,190718000.00000003,44741906.701985404,16,-7.14,modest_miss,medium,203386000.0,6.642267641229442,True,miss,beat,False,,,,,,,
OVV,2020-09-30,2020-10-14,no_trade,none,0.0,False,2026-05-03-strategy1-2020Q1_2020Q4-target-realsar,0,1,4,1,0.2,-0.5,-0.3333333333333333,-0.3333333333333333,0.1,1338060000.0,1384200000.0,139752771.4630773,9,-3.33,in_line,medium,1190000000.0,-14.029764484901024,False,in_line,miss,,,,,,,,
OXY,2020-09-30,2020-10-26,no_trade,none,0.0,False,2026-05-03-strategy1-2020Q1_2020Q4-target-realsar,0,0,5,0,0.0,0.0,0.0,0.0,0.1,4210000000.0,4210000000.0,666380740.7706776,13,0.0,in_line,medium,4108000000.0,-2.4228028503562946,False,in_line,miss,,,,,,,,
SM,2020-09-30,2020-10-15,no_trade,none,0.0,False,2026-05-03-strategy1-2020Q1_2020Q4-target-realsar,0,0,5,0,0.0,-0.5,0.0,0.0,0.1,339000000.0,339000000.0,68561155.412586,19,0.0,in_line,medium,281015000.0,-17.1047197640118,False,in_line,miss,,,,,,,,
DVN,2020-12-31,2021-02-02,no_trade,none,0.0,False,2026-05-03-strategy1-2020Q1_2020Q4-target-realsar,0,2,3,2,0.4,2.0,0.0,0.0,0.1,761630000.0,761630000.0,257104228.50520632,17,0.0,in_line,medium,1280000000.0,68.06060685634758,True,in_line,beat,,,,,,,,
EOG,2020-12-31,2021-02-11,no_trade,none,0.0,False,2026-05-03-strategy1-2020Q1_2020Q4-target-realsar,0,2,3,2,0.4,2.0,0.0,0.0,0.1,2322000000.0,2322000000.0,383054405.1072322,18,0.0,in_line,medium,2952945000.0,27.17248062015504,True,in_line,beat,,,,,,,,
FANG,2020-12-31,2021-02-08,no_trade,none,0.0,False,2026-05-03-strategy1-2020Q1_2020Q4-target-realsar,0,0,5,0,0.0,-1.5,-1.0,-1.0,0.1,682200000.0,758000000.0,156855068.38130903,23,-10.0,modest_miss,medium,769000000.0,1.4511873350923483,True,miss,beat,False,,,,,,,
MTDR,2020-12-31,2021-02-09,no_trade,none,0.0,False,2026-05-03-strategy1-2020Q1_2020Q4-target-realsar,0,0,5,0,0.0,-1.0,0.0,0.0,0.1,237533000.0,237533000.0,28342824.825513486,13,0.0,in_line,medium,224235000.0,-5.5983800145663976,False,in_line,miss,,,,,,,,
OVV,2020-12-31,2021-02-03,no_trade,none,0.0,False,2026-05-03-strategy1-2020Q1_2020Q4-target-realsar,0,0,5,0,0.0,-1.5,-1.0,-1.0,0.1,1357554600.0,1508394000.0,139454125.168259,9,-10.0,modest_miss,medium,1528000000.0,1.29979302489933,True,miss,beat,False,,,,,,,
OXY,2020-12-31,2021-02-08,no_trade,none,0.0,False,2026-05-03-strategy1-2020Q1_2020Q4-target-realsar,0,0,5,0,0.0,-1.5,-1.0,-1.0,0.1,3861630000.0,4290700000.0,564383723.926908,14,-10.0,modest_miss,medium,4160000000.0,-3.046123010231431,False,miss,miss,True,,,,,,,
SM,2020-12-31,2021-02-03,no_trade,none,0.0,False,2026-05-03-strategy1-2020Q1_2020Q4-target-realsar,0,0,5,0,0.0,-3.0,-1.0,-1.0,0.1,321300000.0,357000000.0,67128233.10813855,17,-10.0,modest_miss,medium,320292000.0,-10.28235294117647,False,miss,miss,True,,,,,,,
DVN,2021-03-31,2021-04-20,no_trade,none,0.0,False,2026-05-03-strategy1-2021Q1_2021Q4-target-realsar,0,0,5,0,0.0,0.0,0.0,0.0,0.1,1611040500.0,1611040500.0,431229803.7958348,18,0.0,in_line,medium,2050000000.0,27.246956237288884,True,in_line,beat,,,,,,,,
EOG,2021-03-31,2021-04-22,no_trade,none,0.0,False,2026-05-03-strategy1-2021Q1_2021Q4-target-realsar,0,0,5,0,0.0,-0.6666666666666666,0.0,0.0,0.1,3183932000.0,3183932000.0,535998585.20866567,17,0.0,in_line,medium,3671000000.0,15.297688518473384,True,in_line,beat,,,,,,,,
FANG,2021-03-31,2021-04-19,no_trade,none,0.0,False,2026-05-03-strategy1-2021Q1_2021Q4-target-realsar,0,3,2,3,0.6,3.0,0.0,0.0,0.1,982236000.0,982236000.0,137992221.32433188,19,0.0,in_line,medium,1184000000.0,20.54129557458696,True,in_line,beat,,,,,,,,
MTDR,2021-03-31,2021-04-14,no_trade,none,0.0,False,2026-05-03-strategy1-2021Q1_2021Q4-target-realsar,1,0,4,1,0.2,1.0,0.0,0.0,0.1,248984000.0,248984000.0,23512396.34320585,11,0.0,in_line,medium,266845000.00000003,7.173553320695318,True,in_line,beat,,,,,,,,
OVV,2021-03-31,2021-04-15,long,medium,0.1,False,2026-05-03-strategy1-2021Q1_2021Q4-target-realsar,1,4,0,5,1.0,3.5,2.3333333333333335,1.0,0.1,1709202000.0000005,1553820000.0000002,168442192.45141426,8,10.0,modest_beat,medium,1838000000.0,18.289119717856618,True,beat,beat,True,24.21,24.94,0.030152829409335002,0.027152829409335003,2715.2829409335004,True,
OXY,2021-03-31,2021-04-26,no_trade,none,0.0,False,2026-05-03-strategy1-2021Q1_2021Q4-target-realsar,0,0,5,0,0.0,0.0,0.0,0.0,0.1,4828139500.0,4828139500.0,511169452.4041991,14,0.0,in_line,medium,5293000000.0,9.628149725168463,True,in_line,beat,,,,,,,,
SM,2021-03-31,2021-04-15,no_trade,none,0.0,False,2026-05-03-strategy1-2021Q1_2021Q4-target-realsar,0,0,5,0,0.0,0.0,0.0,0.0,0.1,340080000.00000006,340080000.00000006,21391280.250822548,14,0.0,in_line,medium,443846000.0,30.51223241590212,True,in_line,beat,,,,,,,,
DVN,2021-06-30,2021-07-20,no_trade,none,0.0,False,2026-05-03-strategy1-2021Q1_2021Q4-target-realsar,1,0,4,1,0.2,1.0,0.0,0.0,0.1,1818358500.0,1818358500.0,339318986.61060464,18,0.0,in_line,medium,2417000000.0,32.92208329655566,True,in_line,beat,,,,,,,,
EOG,2021-06-30,2021-07-21,no_trade,none,0.0,False,2026-05-03-strategy1-2021Q1_2021Q4-target-realsar,1,0,4,1,0.2,-0.5,-0.3333333333333333,-0.3333333333333333,0.1,3161926549.9999995,3270958499.9999995,569461411.1741786,18,-3.33,in_line,medium,4065000000.0,24.2754990624308,True,in_line,beat,,,,,,,,
FANG,2021-06-30,2021-07-19,no_trade,none,0.0,False,2026-05-03-strategy1-2021Q1_2021Q4-target-realsar,2,2,1,4,0.8,3.0,0.0,0.0,0.1,1291715000.0000002,1291715000.0000002,191507648.7725989,22,0.0,in_line,medium,1681000000.0,30.137065838826654,True,in_line,beat,,,,,,,,
MTDR,2021-06-30,2021-07-13,no_trade,none,0.0,False,2026-05-03-strategy1-2021Q1_2021Q4-target-realsar,1,2,2,3,0.6,0.5,0.2,0.2,0.1,339660000.0,333000000.0,30146729.612143546,13,2.0,in_line,medium,357427000.0,7.335435435435435,True,in_line,beat,,,,,,,,
OVV,2021-06-30,2021-07-13,no_trade,none,0.0,False,2026-05-03-strategy1-2021Q1_2021Q4-target-realsar,3,2,0,5,1.0,5.0,0.0,0.0,0.1,1491000000.0,1491000000.0,249837956.98084208,9,0.0,in_line,medium,1692000000.0,13.480885311871226,True,in_line,beat,,,,,,,,
OXY,2021-06-30,2021-07-20,no_trade,none,0.0,False,2026-05-03-strategy1-2021Q1_2021Q4-target-realsar,1,1,3,2,0.4,0.5,0.3333333333333333,0.3333333333333333,0.1,5659188466.666667,5476634000.0,732397947.8893776,14,3.33,in_line,medium,5958000000.0,8.789449870120954,True,in_line,beat,,,,,,,,
SM,2021-06-30,2021-07-15,no_trade,none,0.0,False,2026-05-03-strategy1-2021Q1_2021Q4-target-realsar,0,2,3,2,0.4,2.0,0.0,0.0,0.1,355000000.0,355000000.0,54673342.48250718,15,0.0,in_line,medium,563849000.0,58.830704225352115,True,in_line,beat,,,,,,,,
CTRA,2021-09-30,2021-10-20,long,medium,0.1,False,2026-05-03-strategy1-2021Q1_2021Q4-target-realsar,2,1,2,3,0.6,1.5,1.0,1.0,0.1,625460000.0,568600000.0,149925017.52542835,5,10.0,modest_beat,medium,440395000.0,-22.54748505100246,False,beat,miss,False,21.41,21.58,0.007940214852872404,0.004940214852872404,494.02148528724035,True,
DVN,2021-09-30,2021-10-19,no_trade,none,0.0,False,2026-05-03-strategy1-2021Q1_2021Q4-target-realsar,2,2,1,4,0.8,3.5,0.0,0.0,0.1,2167500000.0,2167500000.0,574051556.1179062,17,0.0,in_line,medium,3466000000.0,59.90772779700115,True,in_line,beat,,,,,,,,
EOG,2021-09-30,2021-10-21,no_trade,none,0.0,False,2026-05-03-strategy1-2021Q1_2021Q4-target-realsar,2,1,2,3,0.6,2.5,0.0,0.0,0.1,3760444000.0,3760444000.0,614668525.1732433,16,0.0,in_line,medium,4737000000.0,25.96916747064974,True,in_line,beat,,,,,,,,
FANG,2021-09-30,2021-10-18,no_trade,none,0.0,False,2026-05-03-strategy1-2021Q1_2021Q4-target-realsar,1,2,2,3,0.6,0.6666666666666665,0.28571428571428564,0.28571428571428564,0.1,1464301028.5714285,1423626000.0,130819445.66647655,20,2.86,in_line,medium,1910000000.0,34.16445049472263,True,in_line,beat,,,,,,,,
MTDR,2021-09-30,2021-10-12,no_trade,none,0.0,False,2026-05-03-strategy1-2021Q1_2021Q4-target-realsar,3,2,0,5,1.0,3.0,1.5,1.0,0.1,403956300.00000006,367233000.0,56163432.22981776,13,10.0,modest_beat,medium,472351000.0,28.624333869777494,True,beat,beat,True,,,,,,,
OVV,2021-09-30,2021-10-19,long,medium,0.1,False,2026-05-03-strategy1-2021Q1_2021Q4-target-realsar,2,2,1,4,0.8,2.5,1.6666666666666667,1.0,0.1,1870000000.0000002,1700000000.0,241557533.27476436,10,10.0,modest_beat,medium,1789000000.0,5.235294117647059,True,beat,beat,True,39.27,35.74,-0.08989050165520755,-0.09289050165520756,-9289.050165520755,False,
OXY,2021-09-30,2021-10-21,long,medium,0.1,False,2026-05-03-strategy1-2021Q1_2021Q4-target-realsar,1,4,0,5,1.0,3.5,2.3333333333333335,1.0,0.1,6831239250.000001,6210217500.0,897005136.6918353,14,10.0,modest_beat,medium,6792000000.0,9.36815014933052,True,beat,beat,True,32.8,34.29,0.045426829268292744,0.04242682926829274,4242.682926829274,True,
SM,2021-09-30,2021-10-14,no_trade,none,0.0,False,2026-05-03-strategy1-2021Q1_2021Q4-target-realsar,2,0,3,2,0.4,1.3333333333333335,0.0,0.0,0.1,421177000.0,421177000.0,90374826.384707,14,0.0,in_line,medium,760239000.0,80.50344629455076,True,in_line,beat,,,,,,,,
CTRA,2021-12-31,2022-02-09,no_trade,none,0.0,False,2026-05-03-strategy1-2021Q1_2021Q4-target-realsar,0,0,5,0,0.0,-1.5,-1.0,-1.0,0.1,1717713000.0,1908570000.0,157702133.63686037,11,-10.0,modest_miss,medium,2224257000.0,16.540498907559062,True,miss,beat,False,,,,,,,
DVN,2021-12-31,2022-02-01,no_trade,none,0.0,False,2026-05-03-strategy1-2021Q1_2021Q4-target-realsar,0,1,4,1,0.2,-1.0,-0.5,-0.5,0.1,2453971600.0,2583128000.0,762996235.8287526,17,-5.0,in_line,medium,4273000000.0,65.4195998030295,True,in_line,beat,,,,,,,,
EOG,2021-12-31,2022-02-10,no_trade,none,0.0,False,2026-05-03-strategy1-2021Q1_2021Q4-target-realsar,0,1,4,1,0.2,-1.0,-0.5,-0.5,0.1,4392800000.0,4624000000.0,858915967.2524637,17,-5.0,in_line,medium,6044000000.0,30.709342560553633,True,in_line,beat,,,,,,,,
FANG,2021-12-31,2022-02-08,no_trade,none,0.0,False,2026-05-03-strategy1-2021Q1_2021Q4-target-realsar,0,1,4,1,0.2,-0.5,-0.3333333333333333,-0.3333333333333333,0.1,1483253333.3333333,1534400000.0,205810596.4525159,19,-3.33,in_line,medium,2022000000.0,31.777893639207505,True,in_line,beat,,,,,,,,
MTDR,2021-12-31,2022-02-08,no_trade,none,0.0,False,2026-05-03-strategy1-2021Q1_2021Q4-target-realsar,0,0,5,0,0.0,0.0,0.0,0.0,0.1,406500000.0,406500000.0,43353765.43387499,12,0.0,in_line,medium,566358000.0,39.32546125461255,True,in_line,beat,,,,,,,,
OVV,2021-12-31,2022-02-10,no_trade,none,0.0,False,2026-05-03-strategy1-2021Q1_2021Q4-target-realsar,0,0,5,0,0.0,-1.5,-1.0,-1.0,0.1,1525662000.0,1695180000.0,260170891.35730487,11,-10.0,modest_miss,medium,3339000000.0,96.97023324956642,True,miss,beat,False,,,,,,,
OXY,2021-12-31,2022-02-09,no_trade,none,0.0,False,2026-05-03-strategy1-2021Q1_2021Q4-target-realsar,0,0,5,0,0.0,-1.5,-1.0,-1.0,0.1,6506804249.999999,7229782499.999999,773497297.2778143,12,-10.0,modest_miss,medium,7913000000.0,9.45004223847676,True,miss,beat,False,,,,,,,
SM,2021-12-31,2022-02-10,no_trade,none,0.0,False,2026-05-03-strategy1-2021Q1_2021Q4-target-realsar,0,0,5,0,0.0,-1.5,-1.0,-1.0,0.1,446850000.0,496500000.0,105478500.54702309,14,-10.0,modest_miss,medium,854960000.0,72.1973816717019,True,miss,beat,False,,,,,,,
CRGY,2022-03-31,2022-04-26,no_trade,none,0.0,False,2026-05-03-strategy1-2022Q1_2023Q4-target-realsar,0,0,0,0,0.0,-0.3,0.0,0.0,0.1,400000000.0,400000000.0,0.0,1,0.0,in_line,low,598910000.0,49.7275,True,in_line,beat,,,,,,,,
CTRA,2022-03-31,2022-04-18,no_trade,none,0.0,False,2026-05-03-strategy1-2022Q1_2023Q4-target-realsar,0,0,5,0,0.0,-1.5,-1.0,-1.0,0.1,1550047500.0,1722275000.0,168173282.32518825,14,-10.0,modest_miss,medium,1679000000.0,-2.512664934461686,False,miss,miss,True,,,,,,,
DVN,2022-03-31,2022-04-18,no_trade,none,0.0,False,2026-05-03-strategy1-2022Q1_2023Q4-target-realsar,0,0,5,0,0.0,-1.5,-1.0,-1.0,0.1,2680916850.0,2978796500.0,628382193.7643224,16,-10.0,modest_miss,medium,3812000000.0,27.97114539378571,True,miss,beat,False,,,,,,,
EOG,2022-03-31,2022-04-21,no_trade,none,0.0,False,2026-05-03-strategy1-2022Q1_2023Q4-target-realsar,0,0,5,0,0.0,-1.5,-1.0,-1.0,0.1,4569433200.0,5077148000.0,685192972.6258357,16,-10.0,modest_miss,medium,3935000000.0,-22.495857910779833,False,miss,miss,True,,,,,,,
FANG,2022-03-31,2022-04-18,no_trade,none,0.0,False,2026-05-03-strategy1-2022Q1_2023Q4-target-realsar,0,0,5,0,0.0,-3.3333333333333335,-1.0,-1.0,0.1,1658700000.0,1843000000.0,132223053.88005395,17,-10.0,modest_miss,medium,2408000000.0,30.656538252848613,True,miss,beat,False,,,,,,,
MTDR,2022-03-31,2022-04-12,no_trade,none,0.0,False,2026-05-03-strategy1-2022Q1_2023Q4-target-realsar,0,0,5,0,0.0,-4.0,-1.0,-1.0,0.1,454500000.0,505000000.0,43309672.46868124,10,-10.0,modest_miss,medium,565692000.0,12.018217821782178,True,miss,beat,False,,,,,,,
OVV,2022-03-31,2022-04-26,no_trade,none,0.0,False,2026-05-03-strategy1-2022Q1_2023Q4-target-realsar,0,0,5,0,0.0,-1.5,-1.0,-1.0,0.1,1754955000.0,1949950000.0,368049342.3951468,9,-10.0,modest_miss,medium,1967000000.0,0.8743813943947281,True,miss,beat,False,,,,,,,
OXY,2022-03-31,2022-04-26,no_trade,none,0.0,False,2026-05-03-strategy1-2022Q1_2023Q4-target-realsar,0,0,5,0,0.0,-1.5,-1.0,-1.0,0.1,6931543050.0,7701714500.0,1109235541.062798,12,-10.0,modest_miss,medium,8349000000.0,8.40443384391878,True,miss,beat,False,,,,,,,
SM,2022-03-31,2022-04-14,no_trade,none,0.0,False,2026-05-03-strategy1-2022Q1_2023Q4-target-realsar,0,0,5,0,0.0,-1.3333333333333333,-1.0,-1.0,0.1,552599549.9999999,613999499.9999999,78705175.30960178,12,-10.0,modest_miss,medium,859776000.0,40.02877852506398,True,miss,beat,False,,,,,,,
CRGY,2022-06-30,2022-07-26,no_trade,none,0.0,False,2026-05-03-strategy1-2022Q1_2023Q4-target-realsar,0,0,0,0,0.0,-0.3,,,0.1,8737275254.4,0.0,0.0,0,0.0,in_line,low,908434000.0,inf,,in_line,,,,,,,,,
CTRA,2022-06-30,2022-07-19,no_trade,none,0.0,False,2026-05-03-strategy1-2022Q1_2023Q4-target-realsar,0,1,4,1,0.2,-0.5,-0.3333333333333333,-0.3333333333333333,0.1,2124573833.3333333,2197835000.0,311283607.2413231,14,-3.33,in_line,medium,2572000000.0,17.024253413017814,True,in_line,beat,,,,,,,,
DVN,2022-06-30,2022-07-18,no_trade,none,0.0,False,2026-05-03-strategy1-2022Q1_2023Q4-target-realsar,0,0,5,0,0.0,0.0,0.0,0.0,0.1,3512000000.0,3512000000.0,723548950.6906185,15,0.0,in_line,medium,5626000000.0,60.193621867881554,True,in_line,beat,,,,,,,,
EOG,2022-06-30,2022-07-21,no_trade,none,0.0,False,2026-05-03-strategy1-2022Q1_2023Q4-target-realsar,0,0,5,0,0.0,-1.5,-1.0,-1.0,0.1,5264100000.0,5849000000.0,1222464972.3026752,15,-10.0,modest_miss,medium,7268000000.0,24.260557360232518,True,miss,beat,False,,,,,,,
FANG,2022-06-30,2022-07-18,no_trade,none,0.0,False,2026-05-03-strategy1-2022Q1_2023Q4-target-realsar,0,0,5,0,0.0,-2.3333333333333335,-1.0,-1.0,0.1,2132100000.0,2369000000.0,278922383.9597846,15,-10.0,modest_miss,medium,2768000000.0,16.842549598986913,True,miss,beat,False,,,,,,,
MTDR,2022-06-30,2022-07-12,no_trade,none,0.0,False,2026-05-03-strategy1-2022Q1_2023Q4-target-realsar,0,0,5,0,0.0,-2.6666666666666665,-1.0,-1.0,0.1,613800000.0,682000000.0,154816516.78899693,10,-10.0,modest_miss,medium,943930000.0,38.40615835777126,True,miss,beat,False,,,,,,,
OVV,2022-06-30,2022-07-20,no_trade,none,0.0,False,2026-05-03-strategy1-2022Q1_2023Q4-target-realsar,0,0,5,0,0.0,-1.5,-1.0,-1.0,0.1,1951056900.0,2167841000.0,505027252.83592373,9,-10.0,modest_miss,medium,3736000000.0,72.33736238035907,True,miss,beat,False,,,,,,,
OXY,2022-06-30,2022-07-19,no_trade,none,0.0,False,2026-05-03-strategy1-2022Q1_2023Q4-target-realsar,0,0,5,0,0.0,-2.0,-1.0,-1.0,0.1,8838450000.0,9820500000.0,1481799808.6263704,14,-10.0,modest_miss,medium,10676000000.0,8.711369074894353,True,miss,beat,False,,,,,,,
SM,2022-06-30,2022-07-20,no_trade,none,0.0,False,2026-05-03-strategy1-2022Q1_2023Q4-target-realsar,0,0,5,0,0.0,-1.5,-1.0,-1.0,0.1,627120000.0,696800000.0,148635470.31550127,13,-10.0,modest_miss,medium,992102000.0,42.37973593570609,True,miss,beat,False,,,,,,,
CRGY,2022-09-30,2022-10-26,no_trade,none,0.0,False,2026-05-03-strategy1-2022Q1_2023Q4-target-realsar,0,0,0,0,0.0,-0.3,0.0,0.0,0.1,661500000.0,661500000.0,20506096.654409878,2,0.0,in_line,low,864957000.0,30.75691609977324,True,in_line,beat,,,,,,,,
CTRA,2022-09-30,2022-10-20,long,medium,0.1,False,2026-05-03-strategy1-2022Q1_2023Q4-target-realsar,1,2,2,3,0.6,1.5,1.0,1.0,0.1,2563677050.0,2330615500.0,321609091.81267166,14,10.0,modest_beat,medium,2520000000.0,8.125943554395825,True,beat,beat,True,29.69,29.51,-0.006062647356012116,-0.009062647356012116,-906.2647356012116,False,
DVN,2022-09-30,2022-10-18,no_trade,none,0.0,False,2026-05-03-strategy1-2022Q1_2023Q4-target-realsar,1,1,3,2,0.4,-2.0,-0.5,-0.5,0.1,3548725000.0,3735500000.0,856291749.5080726,16,-5.0,in_line,medium,5432000000.0,45.41560701378664,True,in_line,beat,,,,,,,,
EOG,2022-09-30,2022-10-20,no_trade,none,0.0,False,2026-05-03-strategy1-2022Q1_2023Q4-target-realsar,1,1,3,2,0.4,1.0,0.0,0.0,0.1,6033000000.0,6033000000.0,1092749623.496801,15,0.0,in_line,medium,7580000000.0,25.642300679595557,True,in_line,beat,,,,,,,,
FANG,2022-09-30,2022-10-24,no_trade,none,0.0,False,2026-05-03-strategy1-2022Q1_2023Q4-target-realsar,2,0,3,2,0.4,0.5,0.3333333333333333,0.3333333333333333,0.1,2500872300.0000005,2420199000.0,280447908.3644293,16,3.33,in_line,medium,2437000000.0,0.6941991133786932,True,in_line,beat,,,,,,,,
MTDR,2022-09-30,2022-10-11,no_trade,none,0.0,False,2026-05-03-strategy1-2022Q1_2023Q4-target-realsar,0,0,5,0,0.0,-1.6666666666666667,-1.0,-1.0,0.1,688753350.0,765281500.0,139575296.7985381,10,-10.0,modest_miss,medium,840928000.0,9.884794026773154,True,miss,beat,False,,,,,,,
OVV,2022-09-30,2022-10-25,no_trade,none,0.0,False,2026-05-03-strategy1-2022Q1_2023Q4-target-realsar,0,0,5,0,0.0,0.0,0.0,0.0,0.1,2392000000.0,2392000000.0,621979817.8592408,8,0.0,in_line,medium,3549000000.0,48.369565217391305,True,in_line,beat,,,,,,,,
OXY,2022-09-30,2022-10-25,no_trade,none,0.0,False,2026-05-03-strategy1-2022Q1_2023Q4-target-realsar,0,2,3,2,0.4,2.0,0.0,0.0,0.1,9238000000.0,9238000000.0,1226080484.1202524,15,0.0,in_line,medium,9390000000.0,1.6453777873998703,True,in_line,beat,,,,,,,,
PR,2022-09-30,2022-10-25,no_trade,none,0.0,False,2026-05-03-strategy1-2022Q1_2023Q4-target-realsar,0,2,3,2,0.4,0.5,0.3333333333333333,0.3333333333333333,0.1,531133333.3333334,514000000.0,31132491.066408426,5,3.33,in_line,medium,549778000.0,6.9607003891050585,True,in_line,beat,,,,,,,,
SM,2022-09-30,2022-10-20,no_trade,none,0.0,False,2026-05-03-strategy1-2022Q1_2023Q4-target-realsar,0,0,5,0,0.0,-1.5,-1.0,-1.0,0.1,644940000.0,716600000.0,122872776.71134648,13,-10.0,modest_miss,medium,835451000.0,16.585403293329612,True,miss,beat,False,,,,,,,
CRGY,2022-12-31,2023-02-21,no_trade,none,0.0,False,2026-05-03-strategy1-2022Q1_2023Q4-target-realsar,0,0,0,0,0.0,-0.3,0.0,0.0,0.1,606000000.0,606000000.0,102209187.74911253,3,0.0,in_line,low,684764000.0,12.997359735973598,True,in_line,beat,,,,,,,,
CTRA,2022-12-31,2023-02-08,no_trade,none,0.0,False,2026-05-03-strategy1-2022Q1_2023Q4-target-realsar,0,2,3,2,0.4,2.0,0.0,0.0,0.1,2191720000.0,2191720000.0,298944123.45649385,15,0.0,in_line,medium,2280000000.0,4.027886773857975,True,in_line,beat,,,,,,,,
DVN,2022-12-31,2023-01-31,no_trade,none,0.0,False,2026-05-03-strategy1-2022Q1_2023Q4-target-realsar,0,0,5,0,0.0,-1.0,0.0,0.0,0.1,4202500000.0,4202500000.0,911596583.0797817,16,0.0,in_line,medium,4299000000.0,2.296252230814991,True,in_line,beat,,,,,,,,
EOG,2022-12-31,2023-02-09,no_trade,none,0.0,False,2026-05-03-strategy1-2022Q1_2023Q4-target-realsar,0,1,4,1,0.2,0.0,0.0,0.0,0.1,5730250000.0,5730250000.0,1013972590.7946242,16,0.0,in_line,medium,6727000000.0,17.394529034509837,True,in_line,beat,,,,,,,,
FANG,2022-12-31,2023-02-07,no_trade,none,0.0,False,2026-05-03-strategy1-2022Q1_2023Q4-target-realsar,0,0,5,0,0.0,-1.0,0.0,0.0,0.1,2080300000.0000002,2080300000.0000002,179707874.5264393,18,0.0,in_line,medium,2030000000.0,-2.417920492236708,False,in_line,miss,,,,,,,,
MTDR,2022-12-31,2023-02-07,no_trade,none,0.0,False,2026-05-03-strategy1-2022Q1_2023Q4-target-realsar,0,1,4,1,0.2,1.0,0.0,0.0,0.1,705194999.9999999,705194999.9999999,106558953.80663061,12,0.0,in_line,medium,707475000.0,0.32331482781360044,True,in_line,beat,,,,,,,,
OVV,2022-12-31,2023-02-13,no_trade,none,0.0,False,2026-05-03-strategy1-2022Q1_2023Q4-target-realsar,0,2,3,2,0.4,0.5,0.3333333333333333,0.3333333333333333,0.1,2445455666.6666665,2366569999.9999995,556731115.3171898,10,3.33,in_line,medium,3212000000.0,35.723853509509574,True,in_line,beat,,,,,,,,
OXY,2022-12-31,2023-02-13,no_trade,none,0.0,False,2026-05-03-strategy1-2022Q1_2023Q4-target-realsar,0,0,5,0,0.0,-1.5,-1.0,-1.0,0.1,7728300000.0,8587000000.0,1191536846.8381975,15,-10.0,modest_miss,medium,8219000000.0,-4.285547921276348,False,miss,miss,True,,,,,,,
PR,2022-12-31,2023-02-08,no_trade,none,0.0,False,2026-05-03-strategy1-2022Q1_2023Q4-target-realsar,0,2,3,2,0.4,0.5,0.3333333333333333,0.3333333333333333,0.1,804450000.0000001,778500000.0,40305086.527633205,2,3.33,in_line,low,761556000.0,-2.1764932562620425,False,in_line,miss,,,,,,,,
SM,2022-12-31,2023-02-08,no_trade,none,0.0,False,2026-05-03-strategy1-2022Q1_2023Q4-target-realsar,0,1,4,1,0.2,-0.5,-0.3333333333333333,-0.3333333333333333,0.1,671446666.6666666,694600000.0,119721189.25463632,10,-3.33,in_line,medium,671318000.0,-3.351857183990786,False,in_line,miss,,,,,,,,
CRGY,2023-03-31,2023-04-26,no_trade,none,0.0,False,2026-05-03-strategy1-2022Q1_2023Q4-target-realsar,0,0,0,0,0.0,-0.3,0.0,0.0,0.1,516519500.0,516519500.0,25964059.073714435,4,0.0,in_line,low,590137000.0,14.252608081592271,True,in_line,beat,,,,,,,,
CTRA,2023-03-31,2023-04-20,no_trade,none,0.0,False,2026-05-03-strategy1-2022Q1_2023Q4-target-realsar,0,0,5,0,0.0,-3.0,-1.0,-1.0,0.1,1503234000.0,1670260000.0,260316669.79840794,16,-10.0,modest_miss,medium,1777000000.0,6.390621819357466,True,miss,beat,False,,,,,,,
DVN,2023-03-31,2023-04-24,no_trade,none,0.0,False,2026-05-03-strategy1-2022Q1_2023Q4-target-realsar,2,0,3,2,0.4,0.5,0.3333333333333333,0.3333333333333333,0.1,2911281300.0000005,2817369000.0,751264119.4314197,15,3.33,in_line,medium,3823000000.0,35.69397547854044,True,in_line,beat,,,,,,,,
EOG,2023-03-31,2023-04-20,no_trade,none,0.0,False,2026-05-03-strategy1-2022Q1_2023Q4-target-realsar,0,0,5,0,0.0,-0.6666666666666666,0.0,0.0,0.1,5324000000.0,5324000000.0,936089488.5338665,16,0.0,in_line,medium,5955000000.0,11.85199098422239,True,in_line,beat,,,,,,,,
FANG,2023-03-31,2023-04-17,no_trade,none,0.0,False,2026-05-03-strategy1-2022Q1_2023Q4-target-realsar,0,0,5,0,0.0,0.0,0.0,0.0,0.1,2135000000.0,2135000000.0,351780909.8367422,17,0.0,in_line,medium,1925000000.0,-9.836065573770492,False,in_line,miss,,,,,,,,
MTDR,2023-03-31,2023-04-11,no_trade,none,0.0,False,2026-05-03-strategy1-2022Q1_2023Q4-target-realsar,0,0,5,0,0.0,0.0,0.0,0.0,0.1,652500000.0,652500000.0,122089588.85871845,11,0.0,in_line,medium,560276000.0,-14.133946360153256,False,in_line,miss,,,,,,,,
OVV,2023-03-31,2023-05-01,no_trade,none,0.0,False,2026-05-03-strategy1-2022Q1_2023Q4-target-realsar,0,0,5,0,0.0,-1.5,-1.0,-1.0,0.1,2334150000.0,2593500000.0,540834784.5185928,12,-10.0,modest_miss,medium,2551000000.0,-1.6387121650279546,False,miss,miss,True,,,,,,,
OXY,2023-03-31,2023-04-25,no_trade,none,0.0,False,2026-05-03-strategy1-2022Q1_2023Q4-target-realsar,0,0,5,0,0.0,-1.0,0.0,0.0,0.1,7645675000.0,7645675000.0,1119062669.7279162,14,0.0,in_line,medium,7225000000.0,-5.502130289346591,False,in_line,miss,,,,,,,,
PR,2023-03-31,2023-04-24,no_trade,none,0.0,False,2026-05-03-strategy1-2022Q1_2023Q4-target-realsar,0,0,5,0,0.0,-1.5,-1.0,-1.0,0.1,628290000.0,698100000.0,69290488.01242495,4,-10.0,modest_miss,low,616268000.0,-11.72210285059447,False,miss,miss,True,,,,,,,
SM,2023-03-31,2023-04-13,no_trade,none,0.0,False,2026-05-03-strategy1-2022Q1_2023Q4-target-realsar,0,1,4,1,0.2,1.0,0.0,0.0,0.1,623500000.0,623500000.0,117164493.62328164,9,0.0,in_line,medium,573505000.0,-8.018444266238973,False,in_line,miss,,,,,,,,
CRGY,2023-06-30,2023-07-26,no_trade,none,0.0,False,2026-05-03-strategy1-2022Q1_2023Q4-target-realsar,0,0,0,0,0.0,-0.3,0.0,0.0,0.1,484720000.0,484720000.0,19723051.939291745,5,0.0,in_line,medium,492339000.0,1.5718352863508829,True,in_line,beat,,,,,,,,
CTRA,2023-06-30,2023-07-24,no_trade,none,0.0,False,2026-05-03-strategy1-2022Q1_2023Q4-target-realsar,1,0,4,1,0.2,-0.5,-0.3333333333333333,-0.3333333333333333,0.1,1227976000.0000002,1270320000.0000002,83182607.78289233,16,-3.33,in_line,medium,1185000000.0,-6.716417910447779,False,in_line,miss,,,,,,,,
DVN,2023-06-30,2023-07-18,no_trade,none,0.0,False,2026-05-03-strategy1-2022Q1_2023Q4-target-realsar,2,0,3,2,0.4,0.0,0.0,0.0,0.1,2874239000.0,2874239000.0,660719622.2506689,15,0.0,in_line,medium,3454000000.0,20.17093915989589,True,in_line,beat,,,,,,,,
EOG,2023-06-30,2023-07-20,no_trade,none,0.0,False,2026-05-03-strategy1-2022Q1_2023Q4-target-realsar,0,2,3,2,0.4,1.3333333333333335,0.0,0.0,0.1,5116000000.0,5116000000.0,919294761.0545318,17,0.0,in_line,medium,5561000000.0,8.698201720093824,True,in_line,beat,,,,,,,,
FANG,2023-06-30,2023-07-17,no_trade,none,0.0,False,2026-05-03-strategy1-2022Q1_2023Q4-target-realsar,2,0,3,2,0.4,2.0,0.0,0.0,0.1,1964425500.0,1964425500.0,339456315.1612871,18,0.0,in_line,medium,1919000000.0,-2.3124063498463037,False,in_line,miss,,,,,,,,
MTDR,2023-06-30,2023-07-11,no_trade,none,0.0,False,2026-05-03-strategy1-2022Q1_2023Q4-target-realsar,0,0,5,0,0.0,0.0,0.0,0.0,0.1,670000000.0,670000000.0,74908704.48522352,11,0.0,in_line,medium,638083000.0,-4.763731343283582,False,in_line,miss,,,,,,,,
OVV,2023-06-30,2023-07-13,long,medium,0.1,False,2026-05-03-strategy1-2022Q1_2023Q4-target-realsar,1,2,2,3,0.6,1.5,1.0,1.0,0.1,2662529100.0,2420481000.0,493830187.81900734,12,10.0,modest_beat,medium,2517000000.0,3.987595853881935,True,beat,beat,True,39.8,46.09,0.1580402010050253,0.1550402010050253,15504.02010050253,True,
OXY,2023-06-30,2023-07-19,no_trade,none,0.0,False,2026-05-03-strategy1-2022Q1_2023Q4-target-realsar,0,0,5,0,0.0,-1.5,-1.0,-1.0,0.1,6135750000.0,6817500000.0,836781454.5244602,14,-10.0,modest_miss,medium,6702000000.0,-1.6941694169416943,False,miss,miss,True,,,,,,,
PR,2023-06-30,2023-07-19,no_trade,none,0.0,False,2026-05-03-strategy1-2022Q1_2023Q4-target-realsar,0,0,5,0,0.0,-1.5,-1.0,-1.0,0.1,596414700.0,662683000.0,60372234.24859036,6,-10.0,modest_miss,medium,623398000.0,-5.92817380255718,False,miss,miss,True,,,,,,,
SM,2023-06-30,2023-07-19,no_trade,none,0.0,False,2026-05-03-strategy1-2022Q1_2023Q4-target-realsar,0,1,4,1,0.2,1.0,0.0,0.0,0.1,550000000.0,550000000.0,28680270.225268874,9,0.0,in_line,medium,550754000.0,0.13709090909090907,True,in_line,beat,,,,,,,,
CRGY,2023-09-30,2023-10-23,no_trade,none,0.0,False,2026-05-03-strategy1-2022Q1_2023Q4-target-realsar,0,0,0,0,0.0,-0.3,0.0,0.0,0.1,601461500.0,601461500.0,47219236.75967949,6,0.0,in_line,medium,642398000.0,6.806171301072471,True,in_line,beat,,,,,,,,
CTRA,2023-09-30,2023-10-23,no_trade,none,0.0,False,2026-05-03-strategy1-2022Q1_2023Q4-target-realsar,0,1,4,1,0.2,0.0,0.0,0.0,0.1,1363971000.0,1363971000.0,80349765.17581633,17,0.0,in_line,medium,1356000000.0,-0.5843965890770405,False,in_line,miss,,,,,,,,
DVN,2023-09-30,2023-10-24,no_trade,none,0.0,False,2026-05-03-strategy1-2022Q1_2023Q4-target-realsar,0,0,5,0,0.0,-1.5,-1.0,-1.0,0.1,2814529500.0,3127255000.0,566743960.3747089,15,-10.0,modest_miss,medium,3836000000.0,22.663486028481845,True,miss,beat,False,,,,,,,
EOG,2023-09-30,2023-10-19,no_trade,none,0.0,False,2026-05-03-strategy1-2022Q1_2023Q4-target-realsar,0,0,5,0,0.0,-1.3333333333333333,-1.0,-1.0,0.1,4931832150.0,5479813500.0,689077989.0281621,16,-10.0,modest_miss,medium,6156000000.0,12.339589659392605,True,miss,beat,False,,,,,,,
FANG,2023-09-30,2023-10-23,no_trade,none,0.0,False,2026-05-03-strategy1-2022Q1_2023Q4-target-realsar,0,2,3,2,0.4,0.0,0.0,0.0,0.1,2212000000.0,2212000000.0,106891181.60723306,21,0.0,in_line,medium,2340000000.0,5.786618444846293,True,in_line,beat,,,,,,,,
MTDR,2023-09-30,2023-10-10,no_trade,none,0.0,False,2026-05-03-strategy1-2022Q1_2023Q4-target-realsar,0,2,3,2,0.4,2.0,0.0,0.0,0.1,676000000.0,676000000.0,41933483.51059488,10,0.0,in_line,medium,772294000.0,14.244674556213019,True,in_line,beat,,,,,,,,
OVV,2023-09-30,2023-10-24,no_trade,none,0.0,False,2026-05-03-strategy1-2022Q1_2023Q4-target-realsar,0,0,5,0,0.0,0.0,0.0,0.0,0.1,2653500000.0,2653500000.0,496576450.65832824,14,0.0,in_line,medium,2649000000.0,-0.1695873374788016,False,in_line,miss,,,,,,,,
OXY,2023-09-30,2023-10-24,no_trade,none,0.0,False,2026-05-03-strategy1-2022Q1_2023Q4-target-realsar,0,0,5,0,0.0,-1.0,0.0,0.0,0.1,7082000000.0,7082000000.0,726765111.831074,13,0.0,in_line,medium,7158000000.0,1.0731431798926856,True,in_line,beat,,,,,,,,
PR,2023-09-30,2023-10-24,no_trade,none,0.0,False,2026-05-03-strategy1-2022Q1_2023Q4-target-realsar,0,0,5,0,0.0,-2.0,-1.0,-1.0,0.1,671400000.0,746000000.0,32606592.56960163,9,-10.0,modest_miss,medium,758541000.0,1.6810991957104555,True,miss,beat,False,,,,,,,
SM,2023-09-30,2023-10-19,no_trade,none,0.0,False,2026-05-03-strategy1-2022Q1_2023Q4-target-realsar,0,2,3,2,0.4,2.0,0.0,0.0,0.1,620076500.0,620076500.0,15892828.96850721,10,0.0,in_line,high,640901000.0,3.3583759423232453,True,in_line,beat,,,,,,,,
CRGY,2023-12-31,2024-02-19,no_trade,none,0.0,False,2026-05-03-strategy1-2022Q1_2023Q4-target-realsar,0,0,0,0,0.0,-0.3,0.0,0.0,0.1,601675500.0,601675500.0,45066954.04914623,8,0.0,in_line,medium,657728000.0,9.316068212848954,True,in_line,beat,,,,,,,,
CTRA,2023-12-31,2024-02-08,no_trade,none,0.0,False,2026-05-03-strategy1-2022Q1_2023Q4-target-realsar,0,1,4,1,0.2,-0.5,-0.3333333333333333,-0.3333333333333333,0.1,1543650183.3333333,1596879500.0,79988480.72894105,14,-3.33,in_line,medium,1596000000.0,-0.05507616573448403,False,in_line,miss,,,,,,,,
DVN,2023-12-31,2024-02-13,no_trade,none,0.0,False,2026-05-03-strategy1-2022Q1_2023Q4-target-realsar,0,0,5,0,0.0,-1.5,-1.0,-1.0,0.1,2868853500.0,3187615000.0,618044223.7222188,15,-10.0,modest_miss,medium,4145000000.0,30.03452424461549,True,miss,beat,False,,,,,,,
EOG,2023-12-31,2024-02-08,no_trade,none,0.0,False,2026-05-03-strategy1-2022Q1_2023Q4-target-realsar,0,0,5,0,0.0,-1.0,0.0,0.0,0.1,6078474000.0,6078474000.0,833394086.6761178,17,0.0,in_line,medium,6328000000.0,4.105076372786986,True,in_line,beat,,,,,,,,
FANG,2023-12-31,2024-02-06,no_trade,none,0.0,False,2026-05-03-strategy1-2022Q1_2023Q4-target-realsar,2,0,3,2,0.4,2.0,0.0,0.0,0.1,2158000000.0,2158000000.0,109438398.6587553,17,0.0,in_line,medium,2228000000.0,3.243744207599629,True,in_line,beat,,,,,,,,
MTDR,2023-12-31,2024-02-06,no_trade,none,0.0,False,2026-05-03-strategy1-2022Q1_2023Q4-target-realsar,0,0,5,0,0.0,-1.0,0.0,0.0,0.1,768000000.0,768000000.0,71451757.88880216,11,0.0,in_line,medium,836132000.0,8.871354166666666,True,in_line,beat,,,,,,,,
OVV,2023-12-31,2024-02-13,no_trade,none,0.0,False,2026-05-03-strategy1-2022Q1_2023Q4-target-realsar,0,0,5,0,0.0,-1.5,-1.0,-1.0,0.1,2495700000.0,2773000000.0,576063929.8549228,13,-10.0,modest_miss,medium,3166000000.0,14.1723764875586,True,miss,beat,False,,,,,,,
OXY,2023-12-31,2024-01-31,no_trade,none,0.0,False,2026-05-03-strategy1-2022Q1_2023Q4-target-realsar,0,0,5,0,0.0,-1.5,-1.0,-1.0,0.1,6405300000.0,7117000000.0,857799288.7969639,13,-10.0,modest_miss,medium,7172000000.0,0.7727975270479135,True,miss,beat,False,,,,,,,
PR,2023-12-31,2024-02-13,no_trade,none,0.0,False,2026-05-03-strategy1-2022Q1_2023Q4-target-realsar,0,0,5,0,0.0,-1.5,-1.0,-1.0,0.1,966852000.0,1074280000.0,131696055.6812542,9,-10.0,modest_miss,medium,1122686000.0,4.505901627136315,True,miss,beat,False,,,,,,,
SM,2023-12-31,2024-02-07,no_trade,none,0.0,False,2026-05-03-strategy1-2022Q1_2023Q4-target-realsar,0,0,5,0,0.0,-1.0,0.0,0.0,0.1,612900000.0,612900000.0,23015280.33878205,11,0.0,in_line,medium,608726000.0,-0.6810246369717735,False,in_line,miss,,,,,,,,
CRGY,2024-03-31,2024-04-22,no_trade,none,0.0,False,2026-04-30-strategy1-2024Q1_2024Q4-target-realsar,0,0,0,0,0.0,-0.3,0.0,0.0,0.1,578000000.0,578000000.0,37673890.633228265,9,0.0,in_line,medium,657473000.0,13.749653979238754,True,in_line,beat,,,,,,,,
CTRA,2024-03-31,2024-04-18,no_trade,none,0.0,False,2026-04-30-strategy1-2024Q1_2024Q4-target-realsar,0,0,5,0,0.0,-1.5,-1.0,-1.0,0.1,1269481500.0,1410535000.0,141397787.4065728,13,-10.0,modest_miss,medium,1433000000.0,1.5926581049034587,True,miss,beat,False,,,,,,,
DVN,2024-03-31,2024-04-17,no_trade,none,0.0,False,2026-04-30-strategy1-2024Q1_2024Q4-target-realsar,0,2,3,2,0.4,0.5,0.3333333333333333,0.3333333333333333,0.1,3290420083.3333335,3184277500.0,615498633.7260926,14,3.33,in_line,medium,3596000000.0,12.929856144761253,True,in_line,beat,,,,,,,,
EOG,2024-03-31,2024-04-18,no_trade,none,0.0,False,2026-04-30-strategy1-2024Q1_2024Q4-target-realsar,0,0,5,0,0.0,-1.5,-1.0,-1.0,0.1,5266313100.0,5851459000.0,782071261.9674731,16,-10.0,modest_miss,medium,6071000000.0,3.751901876096201,True,miss,beat,False,,,,,,,
FANG,2024-03-31,2024-04-16,no_trade,none,0.0,False,2026-04-30-strategy1-2024Q1_2024Q4-target-realsar,0,0,5,0,0.0,-1.5,-1.0,-1.0,0.1,1891055249.9999998,2101172499.9999998,82644194.55430254,18,-10.0,modest_miss,medium,2227000000.0,5.988442167408923,True,miss,beat,False,,,,,,,
MTDR,2024-03-31,2024-04-09,no_trade,none,0.0,False,2026-04-30-strategy1-2024Q1_2024Q4-target-realsar,0,0,5,0,0.0,-1.5,-1.0,-1.0,0.1,656100000.0,729000000.0,98169571.44701669,11,-10.0,modest_miss,medium,787693000.0,8.051165980795611,True,miss,beat,False,,,,,,,
OVV,2024-03-31,2024-04-23,no_trade,none,0.0,False,2026-04-30-strategy1-2024Q1_2024Q4-target-realsar,0,0,5,0,0.0,-1.5,-1.0,-1.0,0.1,2045859300.0,2273177000.0,432002110.10292274,10,-10.0,modest_miss,medium,2352000000.0,3.4675258459855964,True,miss,beat,False,,,,,,,
OXY,2024-03-31,2024-04-23,no_trade,none,0.0,False,2026-04-30-strategy1-2024Q1_2024Q4-target-realsar,0,0,5,0,0.0,-1.5,-1.0,-1.0,0.1,5954400000.0,6616000000.0,894109673.834586,13,-10.0,modest_miss,medium,4847000000.0,-26.738210399032646,False,miss,miss,True,,,,,,,
PR,2024-03-31,2024-04-23,no_trade,none,0.0,False,2026-04-30-strategy1-2024Q1_2024Q4-target-realsar,0,0,5,0,0.0,-1.5,-1.0,-1.0,0.1,1079100000.0,1199000000.0,90647801.36131835,13,-10.0,modest_miss,medium,1242999000.0,3.669641367806505,True,miss,beat,False,,,,,,,
SM,2024-03-31,2024-04-18,no_trade,none,0.0,False,2026-04-30-strategy1-2024Q1_2024Q4-target-realsar,0,0,5,0,0.0,-1.5,-1.0,-1.0,0.1,513000000.0,570000000.0,23219323.128886353,11,-10.0,modest_miss,medium,559870000.0,-1.7771929824561403,False,miss,miss,True,,,,,,,
CRGY,2024-06-30,2024-07-22,no_trade,none,0.0,False,2026-04-30-strategy1-2024Q1_2024Q4-target-realsar,0,0,0,0,0.0,-0.3,0.0,0.0,0.1,603000000.0,603000000.0,26816178.856139153,9,0.0,in_line,medium,653283000.0,8.338805970149252,True,in_line,beat,,,,,,,,
CTRA,2024-06-30,2024-07-18,no_trade,none,0.0,False,2026-04-30-strategy1-2024Q1_2024Q4-target-realsar,0,0,5,0,0.0,0.0,0.0,0.0,0.1,1338957000.0,1338957000.0,105088855.25297603,15,0.0,in_line,medium,1271000000.0,-5.075368365078192,False,in_line,miss,,,,,,,,
DVN,2024-06-30,2024-07-23,no_trade,none,0.0,False,2026-04-30-strategy1-2024Q1_2024Q4-target-realsar,0,0,5,0,0.0,-1.5,-1.0,-1.0,0.1,2983598550.0,3315109500.0,621249705.2860689,14,-10.0,modest_miss,medium,3917000000.0,18.155976446630195,True,miss,beat,False,,,,,,,
EOG,2024-06-30,2024-07-18,no_trade,none,0.0,False,2026-04-30-strategy1-2024Q1_2024Q4-target-realsar,0,0,5,0,0.0,0.0,0.0,0.0,0.1,5955000000.0,5955000000.0,809103258.8944142,19,0.0,in_line,medium,5982000000.0,0.4534005037783375,True,in_line,beat,,,,,,,,
FANG,2024-06-30,2024-07-22,long,medium,0.1,False,2026-04-30-strategy1-2024Q1_2024Q4-target-realsar,0,3,2,3,0.6,1.5,1.0,1.0,0.1,2385900000.0,2169000000.0,87752638.79429784,16,10.0,modest_beat,medium,2483000000.0,14.476717381281698,True,beat,beat,True,204.67999,191.38,-0.06497943448209084,-0.06797943448209084,-6797.943448209085,False,
MTDR,2024-06-30,2024-07-09,no_trade,none,0.0,False,2026-04-30-strategy1-2024Q1_2024Q4-target-realsar,0,0,5,0,0.0,0.0,0.0,0.0,0.1,804000000.0,804000000.0,58418626.784262694,13,0.0,in_line,medium,847136000.0,5.365174129353234,True,in_line,beat,,,,,,,,
OVV,2024-06-30,2024-07-16,no_trade,none,0.0,False,2026-04-30-strategy1-2024Q1_2024Q4-target-realsar,0,2,3,2,0.4,0.5,0.3333333333333333,0.3333333333333333,0.1,2401466666.666667,2324000000.0,377998126.84891826,11,3.33,in_line,medium,2288000000.0,-1.549053356282272,False,in_line,miss,,,,,,,,
OXY,2024-06-30,2024-07-24,no_trade,none,0.0,False,2026-04-30-strategy1-2024Q1_2024Q4-target-realsar,0,1,4,1,0.2,-0.5,-0.3333333333333333,-0.3333333333333333,0.1,6898133333.333333,7136000000.0,886025739.2668883,13,-3.33,in_line,medium,5580000000.0,-21.804932735426007,False,in_line,miss,,,,,,,,
PR,2024-06-30,2024-07-23,no_trade,none,0.0,False,2026-04-30-strategy1-2024Q1_2024Q4-target-realsar,0,1,4,1,0.2,1.0,0.0,0.0,0.1,1225000000.0,1225000000.0,47688783.37792512,15,0.0,in_line,medium,1246083000.0,1.721061224489796,True,in_line,beat,,,,,,,,
SM,2024-06-30,2024-07-24,no_trade,none,0.0,False,2026-04-30-strategy1-2024Q1_2024Q4-target-realsar,0,0,5,0,0.0,-1.5,-1.0,-1.0,0.1,558450000.0,620500000.0,24314240.43065498,12,-10.0,modest_miss,medium,634555000.0,2.2651087832393233,True,miss,beat,False,,,,,,,
CRGY,2024-09-30,2024-10-21,no_trade,none,0.0,False,2026-04-30-strategy1-2024Q1_2024Q4-target-realsar,0,0,0,0,0.0,-0.3,0.0,0.0,0.1,783000000.0,783000000.0,76587844.51276267,9,0.0,in_line,medium,744874000.0,-4.869220945083014,False,in_line,miss,,,,,,,,
CTRA,2024-09-30,2024-10-17,no_trade,none,0.0,False,2026-04-30-strategy1-2024Q1_2024Q4-target-realsar,0,2,3,2,0.4,2.0,0.0,0.0,0.1,1297350000.0,1297350000.0,72799280.13265882,13,0.0,in_line,medium,1359000000.0,4.751994450225459,True,in_line,beat,,,,,,,,
DVN,2024-09-30,2024-10-22,no_trade,none,0.0,False,2026-04-30-strategy1-2024Q1_2024Q4-target-realsar,0,0,5,0,0.0,0.0,0.0,0.0,0.1,3646390000.0000005,3646390000.0000005,584267204.2311599,16,0.0,in_line,medium,4024000000.0,10.355721686380214,True,in_line,beat,,,,,,,,
EOG,2024-09-30,2024-10-24,no_trade,none,0.0,False,2026-04-30-strategy1-2024Q1_2024Q4-target-realsar,0,0,5,0,0.0,-1.5,-1.0,-1.0,0.1,5284374300.0,5871527000.0,821894245.1712364,19,-10.0,modest_miss,medium,5944000000.0,1.2343126413282268,True,miss,beat,False,,,,,,,
FANG,2024-09-30,2024-10-21,no_trade,none,0.0,False,2026-04-30-strategy1-2024Q1_2024Q4-target-realsar,0,2,3,2,0.4,-1.0,-0.3333333333333333,-0.3333333333333333,0.1,2264382833.3333335,2342465000.0,135932574.5425456,18,-3.33,in_line,medium,2645000000.0,12.915240996130144,True,in_line,beat,,,,,,,,
MTDR,2024-09-30,2024-10-08,no_trade,none,0.0,False,2026-04-30-strategy1-2024Q1_2024Q4-target-realsar,0,2,3,2,0.4,2.0,0.0,0.0,0.1,858617500.0000001,858617500.0000001,51177594.44142138,12,0.0,in_line,medium,899783000.0,4.794393312505263,True,in_line,beat,,,,,,,,
OVV,2024-09-30,2024-10-24,no_trade,none,0.0,False,2026-04-30-strategy1-2024Q1_2024Q4-target-realsar,0,1,4,1,0.2,-0.5,-0.3333333333333333,-0.3333333333333333,0.1,1902400000.0,1968000000.0,276446788.2148791,10,-3.33,in_line,medium,2324000000.0,18.089430894308943,True,in_line,beat,,,,,,,,
OXY,2024-09-30,2024-10-29,no_trade,none,0.0,False,2026-04-30-strategy1-2024Q1_2024Q4-target-realsar,0,0,5,0,0.0,-1.5,-1.0,-1.0,0.1,6474150000.0,7193500000.0,918135108.8823122,14,-10.0,modest_miss,medium,5955000000.0,-17.216931952457077,False,miss,miss,True,,,,,,,
PR,2024-09-30,2024-10-23,long,medium,0.1,False,2026-04-30-strategy1-2024Q1_2024Q4-target-realsar,1,2,2,3,0.6,1.5,1.0,1.0,0.1,1359902500.0,1236275000.0,45893707.85172105,14,10.0,modest_beat,medium,1215571000.0,-1.6747082971021818,False,beat,miss,False,13.85,14.92,0.07725631768953072,0.07425631768953071,7425.6317689530715,True,
SM,2024-09-30,2024-10-17,no_trade,none,0.0,False,2026-04-30-strategy1-2024Q1_2024Q4-target-realsar,0,0,5,0,0.0,0.0,0.0,0.0,0.1,657033000.0,657033000.0,31361635.816547308,13,0.0,in_line,medium,643613000.0,-2.0425153683300534,False,in_line,miss,,,,,,,,
CRGY,2024-12-31,2025-02-12,no_trade,none,0.0,False,2026-04-30-strategy1-2024Q1_2024Q4-target-realsar,0,0,0,0,0.0,-0.3,0.0,0.0,0.1,892000000.0,892000000.0,96124445.53511523,10,0.0,in_line,medium,875289000.0,-1.8734304932735428,False,in_line,miss,,,,,,,,
CTRA,2024-12-31,2025-02-10,no_trade,none,0.0,False,2026-04-30-strategy1-2024Q1_2024Q4-target-realsar,0,0,5,0,0.0,-1.5,-1.0,-1.0,0.1,1281787650.0,1424208500.0,84010050.18304798,14,-10.0,modest_miss,medium,1395000000.0,-2.050858424170338,False,miss,miss,True,,,,,,,
DVN,2024-12-31,2025-02-04,no_trade,none,0.0,False,2026-04-30-strategy1-2024Q1_2024Q4-target-realsar,0,0,5,0,0.0,-1.5,-1.0,-1.0,0.1,3709539000.0,4121710000.0,644499329.0539273,16,-10.0,modest_miss,medium,4403000000.0,6.824594646396763,True,miss,beat,False,,,,,,,
EOG,2024-12-31,2025-02-13,no_trade,none,0.0,False,2026-04-30-strategy1-2024Q1_2024Q4-target-realsar,0,0,5,0,0.0,-1.5,-1.0,-1.0,0.1,5235053850.000001,5816726500.000001,878251065.9896078,18,-10.0,modest_miss,medium,5585000000.0,-3.9837956967720745,False,miss,miss,True,,,,,,,
FANG,2024-12-31,2025-02-10,no_trade,none,0.0,False,2026-04-30-strategy1-2024Q1_2024Q4-target-realsar,0,2,3,2,0.4,0.5,0.3333333333333333,0.3333333333333333,0.1,3523666666.666667,3410000000.0,604442237.1890174,19,3.33,in_line,medium,3711000000.0,8.826979472140764,True,in_line,beat,,,,,,,,
MTDR,2024-12-31,2025-02-04,no_trade,none,0.0,False,2026-04-30-strategy1-2024Q1_2024Q4-target-realsar,0,0,5,0,0.0,-1.5,-1.0,-1.0,0.1,857700000.0,953000000.0,91473732.72056484,13,-10.0,modest_miss,medium,970369000.0,1.8225603357817417,True,miss,beat,False,,,,,,,
OVV,2024-12-31,2025-02-12,no_trade,none,0.0,False,2026-04-30-strategy1-2024Q1_2024Q4-target-realsar,0,2,3,2,0.4,0.5,0.3333333333333333,0.3333333333333333,0.1,2062667666.666667,1996130000.0,223798196.65269873,9,3.33,in_line,medium,2188000000.0,9.612099412362921,True,in_line,beat,,,,,,,,
OXY,2024-12-31,2025-02-04,no_trade,none,0.0,False,2026-04-30-strategy1-2024Q1_2024Q4-target-realsar,0,0,5,0,0.0,-1.5,-1.0,-1.0,0.1,6529320000.0,7254800000.0,736294855.9548879,16,-10.0,modest_miss,medium,5637000000.0,-22.299718806858905,False,miss,miss,True,,,,,,,
PR,2024-12-31,2025-02-11,no_trade,none,0.0,False,2026-04-30-strategy1-2024Q1_2024Q4-target-realsar,0,0,5,0,0.0,-1.5,-1.0,-1.0,0.1,1179450000.0,1310500000.0,36892279.55316378,12,-10.0,modest_miss,high,1296081000.0,-1.1002670736360167,False,miss,miss,True,,,,,,,
SM,2024-12-31,2025-02-05,no_trade,none,0.0,False,2026-04-30-strategy1-2024Q1_2024Q4-target-realsar,0,0,5,0,0.0,-1.5,-1.0,-1.0,0.1,782100000.0,869000000.0,36135820.090888,13,-10.0,modest_miss,medium,852221000.0,-1.9308400460299195,False,miss,miss,True,,,,,,,
